id,domain,status,purchase_price,renewal_price,attractiveness,demand,length,registrar,created_at,expires_at,status_verified_at
ab5c2eb9-6c05-45df-a431-b7b3768abcbd,tues.gift,available,14.99,14.99,high,low,4,namesilo,,,
ba396767-fef4-4076-8171-5fb9699190a8,nuthin.gift,available,14.99,14.99,medium,low,6,namesilo,,,
6a27d356-1431-421d-963e-6352b1c4ad64,defense.gift,available,23.98,,high,low,7,namecheap,,,
7b1eaea8-29bc-42bd-94c2-d00c0e3cc189,agelong.gift,available,14.99,14.99,medium,low,7,namesilo,,,
ef4bfb5a-7e07-4336-ad1f-a2672c75d0bb,mazed.gift,available,14.99,14.99,medium,low,5,namesilo,,,07/08/2026 12:07
47bad047-bd98-4355-b347-4ef4719cacdc,hydroponic.gift,available,14.99,14.99,medium,low,10,namesilo,,,06/08/2026 10:34
629a1549-7333-4368-8795-5091731acaea,unlimited.gift,resell,,,high,low,9,Porkbun LLC,14/11/2023 17:10,14/11/2026 17:10,
1a881fcc-c526-4c5e-975e-e8cd3a22b2ea,wishing.gift,available,14.99,14.99,high,low,7,namesilo,,,
bf9e50c7-b73f-44e9-a014-b172ca244966,credible.gift,available,14.99,14.99,high,low,8,namesilo,,,09/08/2026 12:56
c4e2d9d6-4a0d-4f90-9bb9-3dc4eb8a8610,adhesive.gift,available,14.99,14.99,high,low,8,namesilo,,,
c8fe3d88-baad-430c-a440-bb9d22900030,mutual.gift,available,14.99,14.99,high,low,6,namesilo,,,
5df74a1a-3dbc-424d-a0be-4a644f1dfb01,beamish.gift,available,14.99,14.99,high,low,7,namesilo,,,09/08/2026 04:08
2f865728-dd48-4d8d-857b-38de1ee2fd0c,undergraduate.gift,available,14.99,14.99,high,low,13,namesilo,,,
19b36171-a212-4726-a394-6c64e4933bf1,lordly.gift,available,14.99,14.99,high,low,6,namesilo,,,07/08/2026 17:05
30ea41d7-6665-409e-94bb-7ab486f5f663,ixc.gift,premium,150,150,medium,low,3,name.com,,,
203a732a-d01a-4a39-b675-e2e9d16650f4,scheme.gift,available,14.99,14.99,high,low,6,namesilo,,,
62456e93-48e1-4e75-a106-353820757233,taylor.gift,available,23.98,,high,low,6,namecheap,,,
8a7e990d-9aa9-4af9-8e0b-9ee561dda90f,noncitizen.gift,available,14.99,14.99,high,low,10,namesilo,,,
b5568494-e31e-4132-9451-db25c40e7a1b,bantu.gift,available,14.99,14.99,medium,low,5,namesilo,,,08/08/2026 14:50
6ab4299d-ce2c-48d5-b08a-518189839d90,distress.gift,available,14.99,14.99,high,low,8,namesilo,,,
5a234cdf-6b4a-40a7-baea-dbfbc81d497a,ane.gift,premium,150,150,high,low,3,name.com,,,
c861f98a-c16d-4e06-9c5c-8ddaa0febe0a,appealing.gift,available,14.99,14.99,high,low,9,namesilo,,,06/08/2026 05:51
732b1366-6ee0-4f4b-aa56-d4cf2ee74333,wondered.gift,available,14.99,14.99,high,low,8,namesilo,,,
f4705f70-5026-431b-a0f5-202ae7625012,sat.gift,premium,150,,high,low,3,name.com,,,
760039af-5d50-4668-94c0-98719c90cb57,zooming.gift,available,14.99,14.99,high,low,7,namesilo,,,
5c58daf8-d07b-49dd-8da6-7b98ce32a59a,conditions.gift,available,14.99,14.99,high,low,10,namesilo,,,
085cbb04-2136-4ecf-9de4-138c4fdf648f,amnesiac.gift,available,20.98,23.98,medium,low,8,namecheap,,,
0feed431-519f-4387-a2f6-89ec99e8e43b,mao.gift,available,23.98,,high,low,3,namecheap,,,
23eb5503-5bb1-4a0b-9b06-c69c901d23d9,allegretto.gift,available,14.99,14.99,high,low,10,namesilo,,,
e16ef29a-217b-4e71-9399-def700f1b16f,beamy.gift,available,14.99,14.99,medium,low,5,namesilo,,,09/08/2026 04:18
0efffe98-2b08-432c-a598-cb32cfc7c687,rewarding.gift,available,23.98,,high,low,9,namecheap,,,
5f84f4bd-5fc2-4f24-bc94-745b6debca1b,prison.gift,available,14.99,14.99,high,low,6,namesilo,,,
a4fc878c-677c-47b7-b09e-d6d8d69c72e8,afterward.gift,available,14.99,14.99,medium,low,9,namesilo,,,
e0a7bd7c-a670-4989-b00a-78a120fb79a9,providence.gift,available,14.99,14.99,high,low,10,namesilo,,,
3dbbd383-ebeb-4375-bc1e-95d090edb2c7,acetabular.gift,available,14.99,14.99,medium,low,10,namesilo,,,
3f18ff4d-651f-4b48-bcf1-ced2169746fb,rhianna.gift,available,14.99,14.99,high,low,7,namesilo,,,
dea061e9-cd7e-46ca-9f77-43efdffca72e,jolt.gift,available,14.99,14.99,high,low,4,namesilo,,,
f728f9c1-6d1d-4e1e-93d6-26552014407e,unused.gift,available,14.99,14.99,medium,low,6,namesilo,,,
1eb0c03d-ad02-4e11-a102-c2a39fd89b8d,explorer.gift,available,14.99,14.99,high,low,8,namesilo,,,
61f94878-2490-4999-a8f9-70bd20493b0d,btw.gift,available,14.99,14.99,high,low,3,namesilo,,,
1b677515-80d9-4bc5-bede-78a70cdcefc2,beige.gift,available,14.99,14.99,high,low,5,namesilo,,,09/08/2026 12:22
e9a1d9c8-2857-4b4b-9cf2-2066d2602c99,intersection.gift,available,23.98,,high,low,12,namecheap,,,
4eda2483-b53e-482d-a4a7-a1255016e038,aciculate.gift,available,14.99,14.99,medium,low,9,namesilo,,,
6a8e3eaf-4434-4604-942d-b1656bffedc1,thunder.gift,available,14.99,14.99,high,low,7,namesilo,,,
52a19ec6-332a-498f-b8ec-5c8db052a3a2,polish.gift,available,14.99,14.99,high,low,6,namesilo,,,
b50b0a3c-9c13-4a3b-9689-19160c2c62d0,endorse.gift,available,14.99,14.99,high,low,7,namesilo,,,08/09/2026 09:45
76326665-8008-4a2a-bdce-ac54a533b389,sold.gift,available,14.99,14.99,high,low,4,namesilo,,,
f562e3de-97a1-41ab-a64d-dd7589e78a72,lisboa.gift,available,14.99,14.99,high,low,6,namesilo,,,
5cfb87e2-2110-417e-8597-b760f77f0f80,backstage.gift,available,14.99,14.99,high,low,9,namesilo,,,08/08/2026 06:18
f693c935-1016-4301-ac37-7c2cd01ecf7c,token.gift,premium,150,,high,medium,5,name.com,,,
76538d1a-68d8-4621-9664-74c65f1cac70,worshipful.gift,available,14.99,14.99,high,low,10,namesilo,,,
2997adfd-320f-47cd-9b4a-84b1c24d1aec,gently.gift,available,23.98,,high,low,6,namecheap,,,
f498917b-6ba6-47e8-af16-af3153a1ef34,slope.gift,available,14.99,14.99,high,low,5,namesilo,,,
f4cc27a2-b3f7-4b55-83b5-6b81e89455e9,pray.gift,available,,,high,low,4,,,,
c5c511ea-daab-4bcb-b5a2-3cf35b5f9af8,amok.gift,available,14.99,14.99,high,low,4,namesilo,,,
0b28add7-4d2c-4593-85e0-7b0f41d05e6b,moral.gift,available,14.99,14.99,high,low,5,namesilo,,,
c310a860-17b1-4c76-b37f-124da51d57fb,froze.gift,available,14.99,14.99,medium,low,5,namesilo,,,
51214d30-6994-4631-9a02-46f3df97fe9b,florid.gift,available,14.99,14.99,medium,low,6,namesilo,,,07/08/2026 17:26
83b3a25e-4955-4c4d-bae9-652a74cdc463,change.gift,resell,,,high,medium,6,NAMECHEAP,26/06/2018 23:13,26/06/2026 23:13,
1a4ba2c9-4994-4be8-9972-ab5f0bc8e3e2,none.gift,available,14.99,14.99,high,low,4,namesilo,,,
668d4a2f-35d8-4581-a67b-330ee2a9d720,anosmic.gift,available,14.99,14.99,medium,low,7,namesilo,,,
bde7f71d-a1d9-4678-bf92-01e6edb3735a,shelter.gift,available,14.99,14.99,high,low,7,namesilo,,,
79b276ca-5bfa-4512-970b-50dd144965ff,smell.gift,available,14.99,14.99,high,low,5,namesilo,,,
626925e0-7deb-419a-b7ed-7e98a7100fb3,advocate.gift,available,14.99,14.99,high,low,8,namesilo,,,
fc633cbf-0b5c-43bf-bb60-b63f31282311,troll.gift,available,14.99,14.99,high,low,5,namesilo,,,
15c8bb7e-9bd0-447d-b5ba-1a26f589912a,anemic.gift,available,14.99,14.99,high,low,6,namesilo,,,
38154753-f4f0-4385-afe5-268bc80a8628,butt.gift,available,14.99,14.99,medium,low,4,namesilo,,,09/08/2026 10:40
85b8577a-1e12-4852-bfce-e1bae3da5a52,acquired.gift,available,14.99,14.99,high,low,8,namesilo,,,
0738b8fe-04a5-4f63-abab-7e29f5b4de97,suspect.gift,available,14.99,14.99,high,low,7,namesilo,,,
0d45f330-6c36-4739-a4b1-045b89012250,wellbeing.gift,available,14.99,14.99,high,low,9,namesilo,,,
aab0b08e-e926-4424-81b0-f7a4ab7fb5ee,operated.gift,available,14.99,14.99,high,low,8,namesilo,,,
c8ebeb5a-225c-433e-8b12-ca15f318c7db,analogue.gift,available,14.99,14.99,high,low,8,namesilo,,,
f8b1b919-c098-451e-a1ad-514ef114bdd6,pretzel.gift,available,14.99,14.99,high,low,7,namesilo,,,
cedbae2e-a144-4cb8-8cf2-2ef3e8ace186,garage.gift,available,14.99,14.99,high,low,6,namesilo,,,
43e78a41-a706-4a44-9c77-b18ada64e033,irritable.gift,available,14.99,14.99,medium,low,9,namesilo,,,
168afb73-09b6-4607-9202-70d61c1927ff,grubby.gift,available,14.99,14.99,medium,low,6,namesilo,,,09/08/2026 09:31
62383a7f-cc5d-44fc-bee3-8b7fe36a5c78,demonstration.gift,available,14.99,14.99,high,low,13,namesilo,,,
9f618f46-aa65-42d9-a0ae-b3b94796780d,club.gift,premium,150,,high,low,4,name.com,,,
59d7b2cf-61ac-4609-9c8f-02f13a31417a,fact.gift,available,14.99,14.99,high,low,4,namesilo,,,
7b93ca37-d428-4e3e-9b0e-cea137d200ef,episode.gift,available,14.99,14.99,high,low,7,namesilo,,,
c88dd543-e4cf-4eef-8b0c-659f5e74244f,grew.gift,available,14.99,14.99,high,low,4,namesilo,,,
a45c3b87-bff6-41d8-8d6a-1f55d34beda6,commodity.gift,available,14.99,14.99,high,low,9,namesilo,,,
5fcd8166-940a-4a06-b0fd-34bf5c97ad5f,seafood.gift,available,,,high,low,7,,,,
7195a756-d5eb-453a-94f0-939c226c037a,ham.gift,premium,150,,high,low,3,name.com,,,
cfb14fd8-044f-4dfb-abfd-8c806bc85b2d,analogous.gift,available,14.99,14.99,medium,low,9,namesilo,,,
06c28ba5-f7fb-449f-a921-65639f0246db,backed.gift,available,14.99,14.99,high,low,6,namesilo,,,08/08/2026 05:33
7df13e82-56f6-4077-988f-abf8e663ac4f,overhead.gift,available,14.99,14.99,high,low,8,namesilo,,,
429e64ee-e255-44ff-ae39-8188f0e94d69,impractical.gift,available,14.99,14.99,medium,low,11,namesilo,,,
39064fd0-9213-40eb-8377-50c85f2bb60c,applied.gift,available,14.99,14.99,high,low,7,namesilo,,,06/08/2026 07:11
3553bd03-e941-4562-9180-9120492af651,plier.gift,available,14.99,14.99,high,low,5,namesilo,,,
49d963c4-7c37-43cb-8323-26a56dfd6118,inc.gift,premium,150,,high,low,3,name.com,,,
992420ac-acec-4c92-b70d-dd8f9202fe16,arbitrarily.gift,available,23.98,,medium,low,11,namecheap,,,
7cb44161-6d05-47bc-9fbb-e0d2d72ec4ec,album.gift,available,14.99,14.99,high,low,5,namesilo,,,
1a573d4d-d130-4519-a4d4-f4251531fcca,preserved.gift,available,14.99,14.99,high,low,9,namesilo,,,
92cfa8f7-5a89-47d2-96d3-49affb795931,grandfather.gift,available,,,high,low,11,,,,
2c44c4ff-e884-4cfb-af89-9dbc0ed62714,creaky.gift,available,14.99,14.99,medium,low,6,namesilo,,,06/08/2026 22:59
dfe060d5-bb55-4f60-8225-6dbcd7ead020,brook.gift,available,23.98,,high,low,5,namecheap,,,
7d59a29b-ca60-40c5-b0df-4b0bb46af9fb,gymnastic.gift,available,20.98,23.98,high,low,9,namecheap,,,
2a66a005-b0a6-4ef0-94d7-fc2396201003,nose.gift,available,14.99,14.99,high,low,4,namesilo,,,
90794d4b-0892-40f2-b08e-b1ae24932e17,axe.gift,premium,150,,high,low,3,name.com,,,
9c7279ae-d4e3-4784-8c75-c10c3b668a7f,nifty.gift,available,,,high,low,5,,,,
79f9750b-0683-4b4c-82bd-b664be4d3f4a,privileged.gift,available,14.99,14.99,high,low,10,namesilo,,,
270ae4f7-e4ef-4c5b-992d-fd4cc1019fd2,jock.gift,available,14.99,14.99,high,low,4,namesilo,,,
351814c1-3619-4627-a49e-a9e056bcb442,successes.gift,available,14.99,14.99,medium,low,9,namesilo,,,
3b370234-2e4f-464b-a1fc-9dc323d1f1ff,quaternary.gift,available,14.99,14.99,medium,low,10,namesilo,,,
34128928-2d6b-41e2-a991-cbd9b03d76a1,antenna.gift,available,23.98,,high,low,7,namecheap,,,
bae46e34-cd6f-4fd7-9115-abf94b25a2e3,alvine.gift,available,14.99,14.99,medium,low,6,namesilo,,,
86cfd4cc-583d-4378-90e9-630df53e0e8f,unassuming.gift,available,23.98,,high,low,10,namecheap,,,
7f34a4bd-1cbb-4e51-b27c-c329d25debd9,cxxv.gift,available,14.99,14.99,medium,low,4,namesilo,,,
c7f76994-6c9f-43b9-87fe-e050cac67a62,abstracted.gift,available,14.99,14.99,medium,low,10,namesilo,,,
c48f34d0-ce0c-4609-9088-ffda08964938,lowering.gift,available,14.99,14.99,high,low,8,namesilo,,,
bc9fd094-c695-414b-9eab-4723e2b07ab2,normandy.gift,available,14.99,14.99,high,low,8,namesilo,,,
976c3d9a-87d4-4b55-a8cb-ac1f15d45dcf,indifferent.gift,available,14.99,14.99,high,low,11,namesilo,,,
52492885-4791-4bdc-a791-6ea1b5c7df4f,avaricious.gift,available,14.99,14.99,medium,low,10,namesilo,,,07/08/2026 21:48
fcdd9737-0dc0-4052-abfb-1f5b810662a0,dew.gift,premium,150,,high,low,3,name.com,,,
701e4329-3e6d-4132-ba61-567c10150826,abused.gift,available,14.99,14.99,high,low,6,namesilo,,,
9d68ede7-e3a8-44ce-b5e6-8eaccd3b3b69,motion.gift,available,14.99,14.99,high,low,6,namesilo,,,
a2be6241-2b2c-400f-9310-268f2f547fbb,seed.gift,available,14.99,14.99,high,low,4,namesilo,,,
ce5947ea-d2ba-4376-8627-4b0800958fad,hanoi.gift,available,14.99,14.99,high,low,5,namesilo,,,
9fe93a94-3d63-43eb-9515-bc844529cf1d,bum.gift,premium,150,150,high,low,3,name.com,,,09/08/2026 10:49
7a80dab2-75fe-4240-9abf-febbf552ebd9,proficiency.gift,available,14.99,14.99,high,low,11,namesilo,,,
45b82ebc-73b8-46bc-865e-0d2adb4186b8,outlook.gift,available,14.99,14.99,high,high,7,namesilo,,,
1f1eee56-d779-48ee-af91-f954f0d37c8b,apian.gift,available,14.99,14.99,medium,low,5,namesilo,,,05/08/2026 23:47
b4277215-5067-4b42-b2dd-5b436db2b020,grungy.gift,available,14.99,14.99,low,low,6,namesilo,,,09/08/2026 09:36
3339f664-12b1-4f26-89f2-30e1d8133425,lan.gift,premium,150,,high,low,3,name.com,,,
9798aecd-52fa-4438-8005-e4cfeb83f000,overflow.gift,available,14.99,14.99,high,low,8,namesilo,,,
3b61c1a7-b8f0-4da2-aea8-a2e448fe014d,nurse.gift,available,,,high,low,5,,,,
f4e1923a-e372-45ca-a605-d81a74ba4c0e,dollar.gift,available,,,high,low,6,,,,
b63ac608-9e41-4320-8786-254da75e99f2,urgent.gift,available,14.99,14.99,high,low,6,namesilo,,,
92a1c9f1-4dc9-4255-bc54-058b782e62b4,charles.gift,premium,150,,high,low,7,name.com,,,
752da9cc-8c04-4a01-9230-b014c0b4a889,peace.gift,available,,,high,low,5,,,,
f1356b2b-4677-4ac0-ba2f-c74437a74791,godhead.gift,available,14.99,14.99,high,low,7,namesilo,,,
54cc46b6-91ed-49b8-a294-06801f2185dc,threescore.gift,available,14.99,14.99,medium,low,10,namesilo,,,
559870aa-c9ec-434f-b6c1-351dd1330d2e,saddening.gift,available,14.99,14.99,medium,low,9,namesilo,,,
b3aa3eb4-e43a-4c94-b4eb-817a78dea9ce,hill.gift,available,14.99,14.99,high,low,4,namesilo,,,
ab939912-5272-400a-8046-2201a9268660,googler.gift,available,23.98,,high,low,7,namecheap,,,
2145ef02-b76e-4378-bdfd-55116ad108fe,armenian.gift,available,14.99,14.99,high,low,8,namesilo,,,06/08/2026 19:39
648aa5bf-f703-410a-bc52-5d76dda54c71,aside.gift,available,14.99,14.99,high,low,5,namesilo,,,
ffa27a8e-f4e9-445c-86e5-1ae52ee8fd62,ashen.gift,available,14.99,14.99,medium,low,5,namesilo,,,07/08/2026 02:09
7c91f4da-473e-4c04-961b-4039edb56b7a,rooms.gift,available,14.99,14.99,high,low,5,namesilo,,,
842463f9-7865-4ab8-9969-9e196117ee5d,sight.gift,available,14.99,14.99,high,low,5,namesilo,,,
f642ec20-c334-4581-9057-e5c597bcfdbb,democrat.gift,available,14.99,14.99,high,low,8,namesilo,,,
d7a0109a-5108-4c0b-b939-aa9f0ab6d265,street.gift,available,23.98,,high,low,6,namecheap,,,
9a400e43-d7f4-47f3-b3d9-4ebdde2dd226,antipodean.gift,available,14.99,14.99,medium,low,10,namesilo,,,
57dc9c27-d00f-461e-9090-d1fb3cbf1a9f,indorse.gift,available,14.99,14.99,medium,low,7,namesilo,,,08/08/2026 05:17
f79b5eab-d40f-4eda-b956-7570b206cff2,spartacus.gift,available,14.99,14.99,high,low,9,namesilo,,,
57c97f6a-6d8d-4192-9b7c-8b63169f697b,cali.gift,available,14.99,14.99,high,low,4,namesilo,,,
4a674ab8-41ca-487c-b616-c07cfbb194be,swastika.gift,available,23.98,,medium,low,8,namecheap,,,
23dd41bb-e16b-45b4-b3a4-23ee72af873f,ordinary.gift,available,14.99,14.99,high,low,8,namesilo,,,
591bbdc3-12d4-4369-9c1e-50ee3ecf56fc,spherical.gift,available,14.99,14.99,high,low,9,namesilo,,,08/08/2026 10:21
ea65d081-1756-403a-b2d4-7bbba88de86f,executing.gift,available,14.99,14.99,high,low,9,namesilo,,,
4447d3c3-42fb-4dfe-871b-bd70d556516c,sunrise.gift,available,14.99,14.99,high,low,7,namesilo,,,
3d6c67a0-9361-4b3f-8d97-ddc144ce575f,toad.gift,available,20.98,23.98,high,low,4,namecheap,,,05/08/2026 21:06
7cecebed-aefb-43d4-af33-75f56f28da42,abeyant.gift,available,14.99,14.99,medium,low,7,namesilo,,,
cde53537-91b7-4bff-87df-5892a7d4b3cb,awny.gift,available,14.99,14.99,medium,low,4,namesilo,,,08/08/2026 01:25
66d6ec2c-abff-4126-92a4-c6a949c57b5a,glasses.gift,available,14.99,14.99,high,low,7,namesilo,,,
f4d69002-f075-45c9-85dc-39aae91ccf8c,basement.gift,available,14.99,14.99,high,low,8,namesilo,,,
9568b846-c8fe-464f-a967-13cfef51bd06,plate.gift,available,14.99,14.99,high,low,5,namesilo,,,
6cd61675-25d4-4ab5-bec8-0489ea5f3223,everything.gift,available,14.99,14.99,high,medium,10,namesilo,,,
b2189ee0-b2ab-4846-808b-a2212a0bd84d,clergy.gift,available,14.99,14.99,high,low,6,namesilo,,,
f7dfc90e-6399-44e3-a7d7-90e4b693b872,atop.gift,available,14.99,14.99,high,low,4,namesilo,,,
75158dfe-47d0-4ab8-9ce2-8d93cc1ddd60,befuddled.gift,available,14.99,14.99,medium,low,9,namesilo,,,07/08/2026 11:41
d36ac080-f466-408a-8cb8-3ce3a8afcf33,zestful.gift,available,14.99,14.99,medium,low,7,namesilo,,,08/08/2026 19:51
ac18ddd3-6104-4e5e-aa6b-723d91fbb0aa,polyester.gift,available,14.99,14.99,high,low,9,namesilo,,,
26f39e82-9432-4239-ac6d-3ab9607d3794,increase.gift,available,14.99,14.99,high,low,8,namesilo,,,
cc57e75c-2ae3-423a-8424-cceefd13021e,courtroom.gift,available,14.99,14.99,high,low,9,namesilo,,,
d8e19862-9d59-4fbb-88a0-2d1411d6fde4,explain.gift,available,14.99,14.99,high,low,7,namesilo,,,
254bb0dd-bda9-4899-85df-f8c3b8d3cbb7,thirteenth.gift,available,14.99,14.99,high,low,10,namesilo,,,
2abed708-1b4c-4535-9a02-b31278d6ce3c,abroach.gift,available,14.99,14.99,medium,low,7,namesilo,,,
803b5223-1ba9-4b4f-a847-5294da07dbf4,kiev.gift,available,14.99,14.99,high,low,4,namesilo,,,
fa2f4d5e-8689-4452-a35f-a8125fc217c1,enwrapped.gift,available,14.99,14.99,high,low,9,namesilo,,,
ab8dee56-8496-45a9-8aa0-a50adcfb6e4f,hellish.gift,available,14.99,14.99,medium,low,7,namesilo,,,09/08/2026 04:59
663215e9-df7d-4efd-804c-5a5d813525dc,tbd.gift,available,23.98,,high,low,3,namecheap,,,
5803992e-7c42-4c2a-b4e6-d14727e0106a,debt.gift,available,23.98,,high,low,4,namecheap,,,
382347c3-e142-4795-9a1d-22bf42ae4578,huge.gift,premium,150,,high,low,4,name.com,,,
4038e139-b32e-46f5-948e-6d2067cf6d62,affiliation.gift,available,14.99,14.99,high,low,11,namesilo,,,
422354eb-8780-4d5e-97b1-0260275eea15,times.gift,premium,150,,high,low,5,name.com,,,
f3997031-8e7e-408c-bfca-eb76c5766c81,autogenic.gift,available,14.99,14.99,medium,low,9,namesilo,,,07/08/2026 20:21
aa6b7adb-9dad-480c-a63d-dba69f005eae,assertive.gift,available,14.99,14.99,medium,low,9,namesilo,,,07/08/2026 05:59
a9194463-87be-4735-9882-99428ebd0cb0,train.gift,available,14.99,14.99,high,low,5,namesilo,,,
4ec97332-3413-4346-86ac-98c591fb61a1,circuit.gift,available,14.99,14.99,high,low,7,namesilo,,,
0efa7dac-c3a0-4af3-9bf9-286d10d17ea8,caracas.gift,available,14.99,14.99,high,low,7,namesilo,,,
b7e8b5db-0725-4d3a-ac9e-c1c06cd820c7,andorran.gift,available,14.99,14.99,high,low,8,namesilo,,,
0f601253-2ad5-40a2-8a99-0669df1b9191,sup.gift,premium,150,,high,low,3,name.com,,,
510ebea8-58ee-4326-9324-1f6a68d280d3,intend.gift,available,14.99,14.99,high,low,6,namesilo,,,
dfc7dfbe-c74b-49cf-b777-76efae718621,barbate.gift,available,14.99,14.99,medium,low,7,namesilo,,,08/08/2026 16:10
5a12efb6-87f5-4203-8e82-e0d3a43f6566,hear.gift,available,14.99,14.99,high,low,4,namesilo,,,
671ebe28-daba-4bb2-aa05-83c9b2815568,amount.gift,available,14.99,14.99,high,low,6,namesilo,,,
3fffdb5c-c31b-4a58-a783-10c917dc40d7,oslo.gift,available,14.99,14.99,high,low,4,namesilo,,,
6f9533cd-8607-4e66-8a0d-fa1b42967c03,vexation.gift,available,14.99,14.99,medium,low,8,namesilo,,,
3f4d2c02-9141-4997-825e-0d34527e8343,other.gift,available,14.99,14.99,high,low,5,namesilo,,,
7f72a84d-4e6a-4b85-9401-61acd6f6cf99,playfield.gift,available,14.99,14.99,high,low,9,namesilo,,,
78d42abd-675a-4139-a9b8-fdf454e0a85e,arabian.gift,available,14.99,14.99,high,low,7,namesilo,,,06/08/2026 11:05
992d49d2-88c2-47af-a0c2-03083a437681,orca.gift,available,23.98,,high,medium,4,namecheap,,,
392d6e7d-7ac0-4722-a608-b6fc56bcb548,triangle.gift,available,14.99,14.99,high,low,8,namesilo,,,
02a931a1-4189-44f6-80ae-e448a294a82e,withering.gift,available,14.99,14.99,medium,low,9,namesilo,,,
9bc3aeca-c9d7-4826-9336-bba3f94feaef,arcane.gift,available,14.99,14.99,high,low,6,namesilo,,,06/08/2026 14:24
8f8de63b-b1d2-4727-ac5e-bba504475d04,else.gift,available,14.99,14.99,high,low,4,namesilo,,,
8d09842e-2b3b-4a55-a584-dcf69d27692b,fee.gift,premium,150,,high,low,3,name.com,,,
c6cf3112-2e50-4d4f-9743-0ad8242d2f1e,reversed.gift,available,14.99,14.99,high,low,8,namesilo,,,
2d184399-0f70-4ea4-8cda-8abfeb400255,enduring.gift,available,14.99,14.99,high,low,8,namesilo,,,
7e1c8dd7-6a4d-4285-b322-1e43f06798d6,lips.gift,available,23.98,,high,low,4,namecheap,,,
0bd373bb-33e6-43aa-8ead-e641c213494e,pulled.gift,available,14.99,14.99,high,low,6,namesilo,,,
a626c11e-42b9-4e88-82a5-1f2a3c23ae11,scientifically.gift,available,14.99,14.99,medium,low,14,namesilo,,,
2c25b612-9320-41f0-936d-dce13b2d6944,concourse.gift,available,14.99,14.99,high,low,9,namesilo,,,
fccfa97f-db27-487d-b683-c4ffaecab1e7,captivated.gift,available,14.99,14.99,medium,low,10,namesilo,,,09/08/2026 09:52
65b34c41-293c-456b-b311-6c0a7246447d,converge.gift,available,,,high,low,8,,,,
64d80014-8de3-4fd3-a375-f25453fc4f99,xxxiv.gift,available,14.99,14.99,medium,low,5,namesilo,,,
be01c201-97c1-4722-b101-6dd48bcf236c,previously.gift,available,14.99,14.99,high,low,10,namesilo,,,
b871b58f-ee96-4f8b-bd0a-780b9cd35d3d,revised.gift,available,23.98,,high,low,7,namecheap,,,
f194109b-e925-4ca9-9d8a-582d8b4ef4a1,lamppost.gift,available,14.99,14.99,high,low,8,namesilo,,,
959282f1-f359-452c-b615-8437bfe83df2,basketball.gift,available,14.99,14.99,high,low,10,namesilo,,,
28a48015-8ae7-42f5-b413-3b8895eff685,sushi.gift,available,23.98,,high,low,5,namecheap,,,
c97c0c7b-bc63-4900-a052-50209438ec34,dendroid.gift,available,14.99,14.99,medium,low,8,namesilo,,,06/08/2026 13:50
55bcf52e-8108-499b-803c-8cb20422f40f,intent.gift,available,14.99,14.99,high,low,6,namesilo,,,
6df0135d-8fab-4251-887c-cbd68ccf5182,antic.gift,available,14.99,14.99,high,low,5,namesilo,,,
022cb1b2-8e5f-4cb2-81f7-8d8c4703ebf2,secondly.gift,available,14.99,14.99,medium,low,8,namesilo,,,
0e56c28a-cc1e-4858-b028-c20f567e91c4,much.gift,available,14.99,14.99,high,low,4,namesilo,,,
d7da2a49-7256-48fd-b548-11d5cc73eac0,voting.gift,available,14.99,14.99,high,low,6,namesilo,,,
df85f927-d3e6-4fca-b6d4-c21a044353e0,terminating.gift,available,14.99,14.99,medium,low,11,namesilo,,,08/09/2026 14:51
67b96096-7f6a-445b-9650-5741ff52acde,adequately.gift,available,14.99,14.99,high,low,10,namesilo,,,
98970c73-7671-4179-8ced-1deb7eb5cedf,bluetooth.gift,available,23.98,,high,low,9,namecheap,,,
8c7d6d06-c4a9-49d4-860a-fa8aad990c3d,overall.gift,available,14.99,14.99,high,low,7,namesilo,,,
1ec3621f-f8f6-4269-ad31-62087b6ac5df,vanquish.gift,available,14.99,14.99,high,low,8,namesilo,,,09/08/2026 05:32
28fe3447-fb61-43b2-88c8-425877c3063a,patrician.gift,available,14.99,14.99,medium,low,9,namesilo,,,06/08/2026 19:34
17fca208-5ab2-4f78-b65f-2dfbc6a85b5e,hour.gift,available,14.99,14.99,high,low,4,namesilo,,,
5046922f-ca21-4abe-a914-90610ebe7ae5,admiration.gift,available,14.99,14.99,high,low,10,namesilo,,,
23133596-fb82-4426-bdec-3cd9979eb6d8,apical.gift,available,14.99,14.99,high,low,6,namesilo,,,05/08/2026 23:58
9a6e0c1e-fa59-4951-b6a5-6bfd30be8612,kilometer.gift,available,14.99,14.99,high,low,9,namesilo,,,
edf98f28-42b8-4cf6-a224-94e2c539a462,cancel.gift,available,14.99,14.99,high,low,6,namesilo,,,
cfa56437-0790-4c97-b62d-85d9587932fc,personally.gift,available,23.98,,high,low,10,namecheap,,,
21fedaa2-ca77-4342-8297-b96237f5866e,mere.gift,available,14.99,14.99,high,low,4,namesilo,,,
d5aa031e-f45e-478c-b75f-8450916e3540,actinoid.gift,available,14.99,14.99,medium,low,8,namesilo,,,
3f2659a5-5374-497c-ace6-d3e4acba2f14,aluminous.gift,available,14.99,14.99,medium,low,9,namesilo,,,
57cc8801-98b3-4938-a3ab-3f3be714f96e,intro.gift,premium,150,,high,low,5,name.com,,,
c289e142-d87b-4719-b5bf-6951cd545c8b,atacama.gift,available,14.99,14.99,high,low,7,namesilo,,,
1fdfdff6-c147-4a94-a069-dca55608d374,size.gift,available,14.99,14.99,high,low,4,namesilo,,,
1417c9e3-10c2-4a31-bd37-511ce554a3fa,baseless.gift,available,14.99,14.99,medium,low,8,namesilo,,,08/08/2026 21:44
136b94ed-b342-41f1-850d-98ce63c8fde6,dick.gift,premium,150,,high,low,4,name.com,,,
a5760ca4-dbb8-4e37-8a83-14ffa847944d,prioritize.gift,available,14.99,14.99,high,low,10,namesilo,,,
7649df85-d9fd-48af-bde7-21faa941d905,visible.gift,available,14.99,14.99,high,low,7,namesilo,,,
5f4be433-6f06-488a-8881-da06d773e2dc,emergency.gift,available,14.99,14.99,high,low,9,namesilo,,,
9bc0d952-d475-459c-9606-31b2fd1adb01,filming.gift,available,14.99,14.99,high,low,7,namesilo,,,
caaa5aa5-71af-470d-8e78-0eaf5e7707aa,managing.gift,available,14.99,14.99,high,low,8,namesilo,,,
678b3e65-33f5-4b9f-b17b-5a9a5429bd2b,uncommitted.gift,available,14.99,14.99,medium,low,11,namesilo,,,
7ca4e61f-83fd-48e6-8267-97e4b279d804,melancholy.gift,available,14.99,14.99,high,low,10,namesilo,,,
6f3d1bbe-04d9-4f3d-90ab-0d279882426b,ruin.gift,available,14.99,14.99,high,low,4,namesilo,,,08/08/2026 13:39
68f9fcc3-7864-47db-9e18-aed47363eb0b,superman.gift,available,14.99,14.99,high,low,8,namesilo,,,
55e29449-80f1-417c-a649-338d72fbc8b3,feel.gift,available,14.99,14.99,high,low,4,namesilo,,,
8b40dc79-8beb-497b-86b1-cab66c72ec7e,coherently.gift,available,14.99,14.99,high,low,10,namesilo,,,
98709f21-eb66-4063-bcf2-2333ef56bb97,accoutered.gift,available,14.99,14.99,medium,low,10,namesilo,,,
3912202e-d43d-4d14-af26-f870d3172715,offered.gift,available,14.99,14.99,high,low,7,namesilo,,,
aa460515-3968-468c-8c99-df91ce43a7e3,disgust.gift,available,14.99,14.99,high,low,7,namesilo,,,
d437f801-224a-47bc-858f-b00b9b66a6b3,ideas.gift,premium,150,,high,low,5,name.com,,,
f971c0bb-3757-4faf-9e78-89026b89e31f,enter.gift,available,14.99,14.99,high,low,5,namesilo,,,
9608234f-8191-4948-8f72-f7cd8ab48d23,unplug.gift,available,14.99,14.99,high,low,6,namesilo,,,
bbe28b53-cb03-4d5b-afed-376764635b0e,abominable.gift,available,14.99,14.99,medium,low,10,namesilo,,,
ccc73761-47f9-41cc-a839-d2a151bfdf08,jody.gift,available,23.98,,high,low,4,namecheap,,,
a22057ab-7465-40e0-a001-64cdb13ebad3,regular.gift,available,14.99,14.99,high,low,7,namesilo,,,
2120ff95-c22e-4c17-99f5-bae9d0e59327,alaskan.gift,available,14.99,14.99,high,low,7,namesilo,,,
60a42a57-2871-4d96-ac59-50149804b474,discard.gift,available,14.99,14.99,high,low,7,namesilo,,,
b3685f2c-cacf-4607-b010-a8b116f46e24,cleaver.gift,available,14.99,14.99,medium,low,7,namesilo,,,
8dab22ea-456d-46d8-bcb8-c43d11a5271d,highly.gift,available,14.99,14.99,high,low,6,namesilo,,,
553786d5-7f65-4951-b7e7-457270ec156f,negotiable.gift,available,14.99,14.99,medium,low,10,namesilo,,,07/08/2026 06:30
b348f3c5-925c-42f7-b8ec-f98e5aa86816,eased.gift,available,14.99,14.99,high,low,5,namesilo,,,
872d3239-24dd-4579-a31e-d7c4296a4877,lip.gift,premium,150,,high,low,3,name.com,,,
ccde1e91-e3a6-4271-8e65-bdac087a1661,footballer.gift,available,14.99,14.99,high,low,10,namesilo,,,
eabe5040-b0aa-4e85-9f0a-23a301b89a0f,against.gift,available,14.99,14.99,medium,low,7,namesilo,,,
b3a3c3da-ac20-4c10-9f61-96527de87955,drown.gift,available,14.99,14.99,medium,low,5,namesilo,,,
c5bbbdc6-61f2-455f-b1e1-4e3e9f2a38bd,strawberry.gift,available,14.99,14.99,high,low,10,namesilo,,,
d3a888b9-7472-409e-90a0-36fb24778739,infant.gift,available,,,high,low,6,,,,
4c9ca34a-4d5e-41a0-ac88-d9528e7131a1,ala.gift,premium,150,,high,low,3,name.com,,,
e6e17f5e-2155-4822-98fb-69812e8001ca,capitalism.gift,available,14.99,14.99,high,low,10,namesilo,,,
63c98260-ef7f-41ca-b697-5c590f6fc60d,intelligent.gift,available,23.98,,high,low,11,namecheap,,,
43267518-e15e-4bb3-9e8a-f4a16a1c115e,irrational.gift,available,14.99,14.99,high,low,10,namesilo,,,
bad8b5f2-db40-45e7-a091-abb5d9a3fb2a,offhand.gift,available,20.98,23.98,high,low,7,namecheap,,,
ddafd482-5ce5-4ebe-b9ce-772048f09b74,major.gift,available,14.99,14.99,high,low,5,namesilo,,,
8c78f946-59c8-4a60-ac1b-73f40bca8fe7,phil.gift,available,14.99,14.99,high,medium,4,namesilo,,,
76f58479-745c-4230-b8ad-f87bd6480c99,dough.gift,available,14.99,14.99,high,low,5,namesilo,,,08/09/2026 03:53
c96f547c-11f0-4872-9a73-0255f7418c65,hexad.gift,available,14.99,14.99,medium,low,5,namesilo,,,
939a2a75-7a2c-4e96-b36e-e9c804ec4fbf,attitude.gift,available,14.99,14.99,high,low,8,namesilo,,,
d5984f5a-3820-4503-b489-697428736232,astral.gift,available,14.99,14.99,high,low,6,namesilo,,,07/08/2026 09:57
e8dc38e4-a628-4c07-af70-0f7d7787b299,captive.gift,available,14.99,14.99,high,low,7,namesilo,,,
8720eb97-4e8b-4ee0-9816-dc75cfe5bfd7,hic.gift,premium,150,,high,low,3,name.com,,,
4c61fdee-6792-4478-86cd-3ffc7461b4a0,oddly.gift,available,23.98,,high,low,5,namecheap,,,
5a3a6573-ac28-464c-ac41-907658641e6e,bay.gift,premium,150,150,high,low,3,name.com,,,09/08/2026 02:26
8e89ba0d-7153-4196-8579-c0eca127057d,mosquito.gift,available,23.98,,medium,low,8,namecheap,,,
3de648e2-b089-4d83-bfc3-3d87ec990fa3,chop.gift,available,14.99,14.99,high,low,4,namesilo,,,
c6705dd0-17a3-408b-beda-656b073974bb,sugar.gift,available,23.98,,high,low,5,namecheap,,,
fbe45e35-6841-4de4-95a9-e9d6868d829f,montreal.gift,available,23.98,,high,low,8,namecheap,,,
b35eeb2f-b730-4138-9792-0afcd76c5c22,lust.gift,available,14.99,14.99,high,low,4,namesilo,,,
9986b07b-59b2-46d0-9f8e-5948f25f3e40,married.gift,available,14.99,14.99,high,low,7,namesilo,,,
b17343f9-acc1-489c-a413-81b0d58514ba,pretense.gift,available,14.99,14.99,high,low,8,namesilo,,,
5f8da00c-3732-4781-9f68-313d2fdc18ed,sufficient.gift,available,14.99,14.99,high,low,10,namesilo,,,
f42073fa-6ed9-42d8-a249-23363fe75c25,stroke.gift,available,23.98,,high,low,6,namecheap,,,
e73b1e4f-720f-4de9-8957-488f25a546da,woven.gift,available,14.99,14.99,high,low,5,namesilo,,,
84b092a3-1e31-4cfe-80f7-4c67731db21d,wind.gift,available,14.99,14.99,high,low,4,namesilo,,,
6b9956a1-6691-44d4-9b01-a63ffb1c722c,rake.gift,available,14.99,14.99,high,low,4,namesilo,,,
08c16700-4bbb-47c1-9944-1c9f39739cb3,largely.gift,available,23.98,,medium,low,7,namecheap,,,
4228a593-a936-47ef-9cbe-0683bf1d24db,particles.gift,available,14.99,14.99,medium,low,9,namesilo,,,
2d34dea7-3145-4210-85d8-07e9ce36c7d9,hard.gift,available,14.99,14.99,high,low,4,namesilo,,,06/08/2026 16:55
7244f8cc-fa8d-420b-8479-5d81c19c503c,leave.gift,available,14.99,14.99,high,low,5,namesilo,,,
fe6b7127-f2c5-47da-b334-a1880dca8685,count.gift,available,14.99,14.99,high,low,5,namesilo,,,
47444d41-2aff-4e17-951d-49d4cd4a1164,goodenough.gift,available,14.99,14.99,high,low,11,namesilo,,,
1b12055e-30d3-4d37-8c6e-e5045b35b9ae,kitschy.gift,available,14.99,14.99,medium,low,7,namesilo,,,09/08/2026 00:53
0075bad5-77c7-4de4-9838-773dc240c70c,bareback.gift,available,14.99,14.99,medium,low,8,namesilo,,,08/08/2026 18:38
f4bff48a-99a2-459d-b370-9f74a8b49ce8,injury.gift,available,14.99,14.99,high,low,6,namesilo,,,
c2af4b72-9bb4-4ac4-aef2-fd9092f20930,hanukah.gift,available,14.99,14.99,high,low,7,namesilo,,,
13392160-0dd8-4198-a710-e947989bf8eb,that.gift,premium,150,,high,low,4,name.com,,,
e5537fb8-7b0c-4d6c-915a-77fff898b980,affidavit.gift,available,14.99,14.99,high,low,9,namesilo,,,
a8471da3-55a6-407d-b51b-c3eed6804d4a,murder.gift,available,14.99,14.99,high,low,6,namesilo,,,
79b6f210-e999-41d0-acd9-a67baf4625da,attained.gift,available,14.99,14.99,high,low,8,namesilo,,,07/08/2026 15:07
af8b2841-45f9-4517-b4f7-8cd4411bca35,foursome.gift,available,14.99,14.99,high,low,8,namesilo,,,
ed917909-f33d-4f26-a691-b67f1b2489ca,ahuh.gift,available,14.99,14.99,high,low,4,namesilo,,,
c2041fd7-5c69-4dfe-9166-ec4957709355,insect.gift,available,14.99,14.99,high,low,6,namesilo,,,
ed086831-d6dc-4d8d-9103-daf1d2bd60d5,pungent.gift,available,20.98,23.98,high,low,7,namecheap,,,
e93a62c8-17ca-44c3-a0b6-3dbcb68788c0,style.gift,available,14.99,14.99,high,low,5,namesilo,,,08/09/2026 07:22
4ce47ba3-852d-430f-a8bf-29b729e1c798,ones.gift,premium,150,,high,low,4,name.com,,,
0e5870cc-5dff-4536-baf0-683a8eec4aa1,actuated.gift,available,20.98,23.98,medium,low,8,namecheap,,,
6222471f-710a-441e-8852-96612d981b95,stating.gift,available,14.99,14.99,high,low,7,namesilo,,,
da9cab53-036d-4cf1-b557-4cfc780fe315,teamwork.gift,available,23.98,,high,low,8,namecheap,,,
9a2b901d-2f07-4fc5-a749-f75c0b36c246,bavarian.gift,available,14.99,14.99,high,low,8,namesilo,,,09/08/2026 02:00
1f709cc9-3bc6-46ed-9e2d-bcc9c08d0447,ageless.gift,available,14.99,14.99,high,low,7,namesilo,,,
1a6e0632-05f0-4746-ac28-9189d90ad0ee,finally.gift,available,14.99,14.99,high,low,7,namesilo,,,
a62ab15c-3adf-4787-ad15-d65cacc0f9cc,peacock.gift,available,14.99,14.99,high,high,7,namesilo,,,
108ede6e-a057-42ca-8026-e48142bfa1f1,storyteller.gift,available,23.98,,high,low,11,namecheap,,,
5281342a-e2be-4aa0-b40c-86337a2bf903,matisse.gift,available,14.99,14.99,high,low,7,namesilo,,,
fb2d03ca-8667-40dc-99e7-51980eef7ed1,gore.gift,available,14.99,14.99,medium,low,4,namesilo,,,
d8122021-4398-4083-ad49-0f1c39657c71,aid.gift,premium,150,,high,low,3,name.com,,,
dbc3618f-3c82-4797-9d0d-8edb430a80d1,acidic.gift,available,14.99,14.99,high,low,6,namesilo,,,
16f30eaf-f245-4094-b2f8-9956634d20c6,port.gift,available,14.99,14.99,high,low,4,namesilo,,,
3db7fa1a-1a30-4c27-bcb4-60c5a8a4477a,adonic.gift,available,14.99,14.99,high,low,6,namesilo,,,
477da176-3442-4cc6-a3e0-481f76e7a6d8,topnotch.gift,available,14.99,14.99,high,low,8,namesilo,,,
ae740f87-9f09-48fb-a0c6-4a4991e3a0f7,mount.gift,available,14.99,14.99,high,low,5,namesilo,,,
437f673e-1691-4ac0-bc52-57f7778597e5,russia.gift,available,14.99,14.99,high,medium,6,namesilo,,,
04b7a2f7-b93d-41df-a26d-e1be9f23f9d2,alabama.gift,available,14.99,14.99,high,low,7,namesilo,,,
5449d722-8776-49e4-96ee-96f54cbe38f9,terrifying.gift,available,14.99,14.99,medium,low,10,namesilo,,,
85a5beb6-358e-4e79-8311-f57459c439a5,haven.gift,available,14.99,14.99,high,medium,5,namesilo,,,
9e884e88-e7df-4e9a-915f-76c4705191d7,involved.gift,available,14.99,14.99,high,low,8,namesilo,,,
0afaf0d2-254e-40ab-947a-53be4969668b,attraction.gift,available,14.99,14.99,high,low,10,namesilo,,,
98d4931a-15be-49b2-9796-fbd1f9efb30b,tel.gift,premium,150,,high,low,3,name.com,,,
f928eb5b-09b2-460e-9f58-4351fd7b6987,cleopatra.gift,available,14.99,14.99,high,low,9,namesilo,,,
0ea4d367-d352-4b28-8716-da4fe33676ed,compete.gift,available,14.99,14.99,high,low,7,namesilo,,,
309995b2-dc21-4970-bffc-bd32b8af68fd,internationally.gift,available,14.99,14.99,medium,low,15,namesilo,,,
6c3045b9-27fa-401b-802b-0fb7870ccd10,potential.gift,available,14.99,14.99,high,low,9,namesilo,,,
effd85ca-a3bd-4692-855c-81e2678eb93a,whenever.gift,available,14.99,14.99,medium,low,8,namesilo,,,
0890f4bf-b6e4-4b32-bc92-e6248082b865,purchase.gift,premium,150,,high,low,8,name.com,,,
47a0c651-caf2-4eb7-a460-e770d67c23a6,called.gift,available,14.99,14.99,high,low,6,namesilo,,,
60e0efe4-4990-4492-b51f-a890d759f485,cement.gift,available,14.99,14.99,high,low,6,namesilo,,,
e35035ab-0d68-46ac-bbd4-8a142e1a7f67,workings.gift,available,14.99,14.99,high,low,8,namesilo,,,
49654b0e-2baa-4188-89eb-f9ed6e21e9d8,apathetic.gift,available,14.99,14.99,medium,low,9,namesilo,,,05/08/2026 22:04
c358f9b6-1c11-46df-9339-479a268a57f7,stopping.gift,available,23.98,,high,low,8,namecheap,,,
3a92081f-f266-441b-bda0-7e89a9eb69bb,abc.gift,available,,,high,low,3,,,,
2760e06d-b977-4129-b750-007a4a1d9c86,bali.gift,premium,150,,high,medium,4,name.com,,,
c1fffe1a-cacd-434f-9c70-3b2dcc90d52b,bandy.gift,available,14.99,14.99,medium,low,5,namesilo,,,08/08/2026 11:45
b0423ce5-6925-4118-8d44-591f2f03f7e1,apolitical.gift,available,14.99,14.99,high,low,10,namesilo,,,06/08/2026 02:02
9c471752-bf28-4586-a2d2-e707492cd356,absurd.gift,available,14.99,14.99,high,low,6,namesilo,,,
510a1e2b-da1f-4751-9d62-45b6b7b4bced,confused.gift,available,14.99,14.99,high,low,8,namesilo,,,07/08/2026 12:02
531012ef-d8cd-44cb-b7ca-47b515026ee6,askance.gift,available,14.99,14.99,medium,low,7,namesilo,,,07/08/2026 02:56
9defda8a-1d51-4269-951d-c1c6b11de7c4,paddle.gift,available,14.99,14.99,high,high,6,namesilo,,,
2102cba5-eb80-4be3-a285-5d74611371a5,declining.gift,available,23.98,,high,low,9,namecheap,,,
44745f61-111d-4f5e-ad38-0ffe52a9eff9,tardy.gift,available,14.99,14.99,medium,low,5,namesilo,,,09/08/2026 12:42
0842dd52-897a-492e-a36d-7d332b7f8f7e,regulate.gift,available,14.99,14.99,high,low,8,namesilo,,,
f4c9b780-5d8b-4fc6-beba-a2662a1c9fb8,believe.gift,available,23.98,,high,low,7,namecheap,,,
d3370775-87cd-476e-9a59-fcf0a003ff5e,carrie.gift,available,14.99,14.99,high,low,6,namesilo,,,
91e8a5da-ea7c-4281-887e-12eed3d1839c,soundbar.gift,available,14.99,14.99,high,low,8,namesilo,,,
e122e3af-8953-4e99-82b2-0d20aa50c215,pre.gift,available,14.99,14.99,high,low,3,namesilo,,,
53d5206b-53ff-4098-bc76-6ec3e665e63f,arouse.gift,available,14.99,14.99,high,low,6,namesilo,,,07/08/2026 23:59
f01f9803-875b-4cff-9a1c-190475b5379f,increased.gift,available,14.99,14.99,high,low,9,namesilo,,,
60a0d847-5eaa-4048-8595-afe29dd35e6e,uncomplicated.gift,available,23.98,,high,low,13,namecheap,,,
60412b7e-466d-46a0-b20b-2b4d40571505,shear.gift,available,14.99,14.99,medium,low,5,namesilo,,,
4008d901-ad07-4176-b67a-193cb94aafef,rang.gift,available,14.99,14.99,medium,low,4,namesilo,,,
9f10fdfe-b9b2-4395-9226-e0ea9ffde3ec,deejay.gift,available,14.99,14.99,high,low,6,namesilo,,,
64081a73-74b1-4829-9abf-f10132d4972d,acerbic.gift,available,14.99,14.99,medium,low,7,namesilo,,,
c5ea7721-23b6-4082-88ec-4c261f9e43a4,strong.gift,available,14.99,14.99,high,low,6,namesilo,,,
4c949f72-8dfd-4f11-83b6-3868ff9c8c64,commit.gift,available,14.99,14.99,high,low,6,namesilo,,,
af13a5f1-5ccb-434f-a61a-c0607c2fecb0,triclinic.gift,available,14.99,14.99,medium,low,9,namesilo,,,
0c82b279-6226-4e5a-9c5c-f1ac008671af,adnate.gift,available,14.99,14.99,medium,low,6,namesilo,,,
4899bab2-f06a-4ebf-b4fb-89da7c5548ea,pill.gift,available,23.98,,high,low,4,namecheap,,,
269764f6-a543-4ae8-acae-a3211a73a8b0,accused.gift,available,14.99,14.99,high,low,7,namesilo,,,
812bffc7-a875-42c7-947c-8324f0081ff9,utter.gift,available,14.99,14.99,high,low,5,namesilo,,,
daca71ab-9253-4e54-b366-8a74f6f5c0e8,ratter.gift,available,14.99,14.99,low,low,6,namesilo,,,06/08/2026 04:00
c0406e0a-b1e2-44dc-b79a-7bbd79662b3a,explore.gift,available,14.99,14.99,high,medium,7,namesilo,,,
3e08e057-d2e3-40f8-b8b5-bf8491713380,rock.gift,available,14.99,14.99,high,low,4,namesilo,,,
c7569c7e-595f-4d6b-ac10-6f10757aea24,triplet.gift,available,14.99,14.99,medium,low,7,namesilo,,,
04e83115-a8be-4a4e-ba17-b9e9f803874f,assure.gift,available,14.99,14.99,high,low,6,namesilo,,,
0219f844-025f-4876-a449-406fbc5bd02a,booklist.gift,available,14.99,14.99,high,low,8,namesilo,,,
fa0fd1a5-bbe2-44c3-8bc6-94187994e910,vehicle.gift,available,14.99,14.99,high,low,7,namesilo,,,
b44214ab-1931-4f1c-8d59-91e1f04dde29,nominee.gift,available,14.99,14.99,high,low,7,namesilo,,,
07301d2d-1f5d-4c40-ab22-e8fb06842908,nostrils.gift,available,14.99,14.99,medium,low,8,namesilo,,,
b6741f34-ccab-4cd0-b066-ac9c4959d654,annulate.gift,available,14.99,14.99,high,low,8,namesilo,,,
ebad9bb8-6f46-4a63-ae94-c824157454db,watching.gift,available,14.99,14.99,high,low,8,namesilo,,,
d816f932-e521-435a-9ea9-818810ca544c,seasick.gift,available,20.98,23.98,medium,low,7,namecheap,,,
656ff135-e2f5-4baf-b8ff-f2a35bb196c5,missile.gift,available,14.99,14.99,high,low,7,namesilo,,,
4b466093-43d2-408e-94e4-1268964803f0,disease.gift,available,14.99,14.99,high,low,7,namesilo,,,
fd763ce5-7b0f-4425-bfcf-55f1cd0189f8,xliv.gift,available,14.99,14.99,high,low,4,namesilo,,,
ac5bc988-2664-473b-a45c-faed6f06bf97,scream.gift,available,14.99,14.99,high,low,6,namesilo,,,
5b5e93b6-baa9-45a0-b57e-8107cc007752,china.gift,available,,,high,low,5,,,,
16668511-d968-491c-8be0-e2a2afb71fb6,database.gift,available,23.98,,high,low,8,namecheap,,,
a004e8b1-38d0-44ee-8eea-e69acbc4d63d,eggs.gift,available,14.99,14.99,high,low,4,namesilo,,,
20b4f41c-b7e3-4324-ac72-ee7813c669a8,radio.gift,available,14.99,14.99,high,medium,5,namesilo,,,
f689f24a-8280-49d1-bc69-ec8b450c5437,lodge.gift,available,14.99,14.99,high,low,5,namesilo,,,
d2bb2a65-bfde-4557-ac32-84e46462ee8c,diverted.gift,available,20.98,23.98,medium,low,8,namecheap,,,
5c007863-f1c8-4738-ae3a-07025fe306e6,pony.gift,available,14.99,14.99,high,low,4,namesilo,,,
02774b5c-dbfa-4018-812e-e2acc745fca1,actress.gift,available,14.99,14.99,high,low,7,namesilo,,,
b7786bfd-fe30-440a-93ba-d1e88568627e,auricular.gift,available,20.98,23.98,high,low,9,namecheap,,,07/08/2026 17:46
c463df09-08d6-4cf3-a94d-101aefc6d331,learnt.gift,available,14.99,14.99,medium,low,6,namesilo,,,
884da444-d9ee-442a-bef3-ab155f06dfb3,mask.gift,available,14.99,14.99,high,low,4,namesilo,,,
8e99a115-1fd3-4a0e-b6b2-9a705497c5c7,pace.gift,available,,,high,low,4,,,,
1e255ba6-5bb5-4e74-9195-b949612e9cd0,measurement.gift,available,23.98,,high,low,11,namecheap,,,
9b503614-e9bf-4cc4-bd0d-dbe673aa0501,bellbottom.gift,available,14.99,14.99,low,low,10,namesilo,,,09/08/2026 13:21
d679aee5-8396-4a0e-9fd1-8bd59d75c481,song.gift,available,,,high,low,4,,,,
d7073df4-c81f-4282-bf4a-f1cedc606a27,hit.gift,premium,150,,high,low,3,name.com,,,
9de5c116-61f4-46ab-8cd3-3f2bfa71ea8f,anybody.gift,available,23.98,,medium,low,7,namecheap,,,
c7c4b313-dceb-4e37-8958-57139cf623a4,highlighting.gift,available,14.99,14.99,high,low,12,namesilo,,,
161f8ae8-d6da-4502-9241-eda65fd871f6,synchronise.gift,available,14.99,14.99,high,low,11,namesilo,,,
3497e3e9-9835-4254-b1ff-71f0dd740aba,salt.gift,available,23.98,,high,low,4,namecheap,,,
cde22471-f548-4fc9-8089-07c23ed7da69,effectively.gift,available,14.99,14.99,high,low,11,namesilo,,,
efee2e26-1e06-4304-ad79-22bf3ee423be,palace.gift,available,14.99,14.99,high,low,6,namesilo,,,
9cf4a510-9bc8-4cf1-a352-a7304dc9f4a4,cadillac.gift,available,14.99,14.99,high,low,8,namesilo,,,
e2240b52-9e63-4058-a360-e18b2d77c295,minutes.gift,available,23.98,,high,low,7,namecheap,,,
07eab096-740a-4246-bd48-79d61d05aa4f,beery.gift,available,14.99,14.99,medium,low,5,namesilo,,,09/08/2026 08:12
fcf07d6e-d7b7-4f6c-b1ec-f0569e536f0f,non.gift,premium,150,,high,low,3,name.com,,,
9ac56791-c892-40d1-8208-0488367f1f07,malaria.gift,available,14.99,14.99,high,low,7,namesilo,,,
c3e7c059-52bd-434d-926f-4cf6796c2526,notify.gift,available,14.99,14.99,high,low,6,namesilo,,,
268ef001-4983-49a9-8d9c-b37772584222,cxxxv.gift,available,14.99,14.99,medium,low,5,namesilo,,,
629eadc5-a9fc-4c2a-8274-56c9ef536173,proud.gift,available,14.99,14.99,high,low,5,namesilo,,,
166f1c60-cae1-4992-ac75-98e255e542f2,sunbaked.gift,available,14.99,14.99,medium,low,8,namesilo,,,
14cd93b0-29b2-4daa-b6f0-cb91d88579ad,transmit.gift,available,23.98,,high,low,8,namecheap,,,
2c68bbec-4346-4c4b-805f-547346feab41,echo.gift,available,14.99,14.99,high,medium,4,namesilo,,,
57f05cb1-6f70-47b9-aae6-8f08dd8d8aa5,smelling.gift,available,14.99,14.99,high,low,8,namesilo,,,
b3327bd4-c4a4-4c54-8494-eb94170ea275,sensational.gift,available,14.99,14.99,high,low,11,namesilo,,,
b307b920-ed3b-4cfc-ab7b-3715e6c8097a,awarding.gift,available,14.99,14.99,high,low,8,namesilo,,,
e17cbbd1-4381-44ff-a143-d8456028d6cc,apophatic.gift,available,14.99,14.99,medium,low,9,namesilo,,,06/08/2026 02:27
57c9e47a-52c6-41b3-a4ed-f681d8a80ba2,confide.gift,available,14.99,14.99,high,low,7,namesilo,,,
f9da5641-81fb-429c-b933-acf2610908b6,amiss.gift,available,14.99,14.99,high,low,5,namesilo,,,
590859ca-b596-47a2-af87-68c08e1f594c,feb.gift,premium,150,,high,low,3,name.com,,,
453518b3-9dfa-42f8-8748-36c7d82f4d9b,tetrad.gift,available,14.99,14.99,high,low,6,namesilo,,,
f8672e33-3321-4b64-b3cb-428d8c6a1d71,algal.gift,available,14.99,14.99,high,low,5,namesilo,,,
49be5796-d161-4f12-9bce-e33fdb130597,stations.gift,available,14.99,14.99,high,low,8,namesilo,,,
8a736b4a-789f-45c2-b51d-38b656e79340,vincible.gift,available,14.99,14.99,medium,low,8,namesilo,,,09/08/2026 05:42
10956141-0605-4790-8591-f94838fa5014,utterly.gift,available,14.99,14.99,high,low,7,namesilo,,,
d91f1b09-1332-4f3b-95ed-dacbb33bdb7c,quickly.gift,available,14.99,14.99,high,low,7,namesilo,,,
c335feca-2287-4c0f-a2a6-f5c4a6a6b219,wannabee.gift,available,14.99,14.99,medium,low,8,namesilo,,,07/08/2026 05:22
b2d73e7c-c652-41bd-98c4-778979ba68a2,sixer.gift,available,14.99,14.99,medium,low,5,namesilo,,,
b581da48-7c4b-4c41-a97e-8e19a15355cf,wrong.gift,available,14.99,14.99,high,low,5,namesilo,,,
d125d80f-d558-4570-b9a2-edfd2593cfe9,criticism.gift,available,23.98,,high,low,9,namecheap,,,
fa834b2d-c412-44eb-afcc-131db014ae35,involvement.gift,available,14.99,14.99,high,low,11,namesilo,,,
a82e67e1-0e35-446b-a125-51bd85b80e8d,addled.gift,available,14.99,14.99,medium,low,6,namesilo,,,
220d6698-1653-4290-99ed-d70be3846e97,from.gift,premium,150,,high,low,4,name.com,,,
c180357e-0cb5-448b-bbfb-90eb50de2755,alchemical.gift,available,14.99,14.99,medium,low,10,namesilo,,,
1a59d172-5ee0-49c3-ab72-50fa35984e0c,textile.gift,available,14.99,14.99,high,low,7,namesilo,,,
dd8ff242-a416-4e96-a70c-b763a4d8fd87,amended.gift,available,14.99,14.99,high,low,7,namesilo,,,
ae7ba46e-6ecf-4a4f-99d5-9fdbecfe99ed,legend.gift,available,14.99,14.99,high,low,6,namesilo,,,
5fae1359-2364-41f6-b402-1489fa4d1997,exposure.gift,available,14.99,14.99,high,low,8,namesilo,,,08/09/2026 13:44
0e710ec7-992c-4175-94ee-797be653f76a,sharply.gift,available,14.99,14.99,medium,low,7,namesilo,,,
0e2d3732-786e-4873-bbe1-9c33f67a52f0,overtime.gift,available,14.99,14.99,high,low,8,namesilo,,,
2591195e-241e-48be-b32c-9d6626e75665,bruce.gift,available,14.99,14.99,high,low,5,namesilo,,,
3331dfd9-66d6-47a6-81bc-4b9bd8608bd4,analyze.gift,available,23.98,,high,low,7,namecheap,,,
ab13a379-6b27-49c2-804e-ad0a9e7acc7d,costs.gift,available,14.99,14.99,high,low,5,namesilo,,,
818e63e5-4831-4841-aa63-ab0d6a9ce1b1,expect.gift,available,14.99,14.99,high,low,6,namesilo,,,
0b3f00c6-b85e-490c-a974-a931d2618cd4,portuguese.gift,available,14.99,14.99,high,low,10,namesilo,,,
a2de4a85-ef38-4690-9d86-d90e44397f8f,boston.gift,available,14.99,14.99,high,low,6,namesilo,,,
ce45fe83-96b6-4bf6-aac9-81b94da9ca8c,gal.gift,available,14.99,14.99,high,low,3,namesilo,,,
75e90466-70d1-4e36-8056-a501173e9e11,balletic.gift,available,14.99,14.99,high,low,8,namesilo,,,08/08/2026 10:26
dee8eca9-bc65-416e-bc77-2957df36bcd7,butterfly.gift,available,,,high,low,9,,,,
baae502c-329d-41e7-abc1-ec9ae5ff587e,granddaughter.gift,available,14.99,14.99,high,low,13,namesilo,,,
557e7abf-229e-41a9-9f33-2fe39fcf7014,obtained.gift,available,14.99,14.99,medium,low,8,namesilo,,,
92f28714-ebeb-471c-86f8-e09b2ebfe188,avenged.gift,available,14.99,14.99,high,low,7,namesilo,,,07/08/2026 22:35
ab1e4c98-9d12-44f1-bf2f-a800303c57f4,minute.gift,available,14.99,14.99,high,low,6,namesilo,,,
19560fdb-183e-4a26-bece-bfa0feb6af53,fifty.gift,available,14.99,14.99,high,low,5,namesilo,,,
383abbe4-55c4-4196-bd7a-e1a0f917d8c8,armorial.gift,available,14.99,14.99,medium,low,8,namesilo,,,06/08/2026 20:15
b9ce8f43-56ae-4063-aaae-4bfd2b673b92,reference.gift,available,14.99,14.99,high,low,9,namesilo,,,
a86625d8-4d31-4b57-9c81-7576d90c421b,anticipate.gift,available,14.99,14.99,high,low,10,namesilo,,,
7282ec50-8a81-4096-a351-6b69e25079a1,accursed.gift,available,14.99,14.99,medium,low,8,namesilo,,,
b99c34b2-3862-4afe-aeed-d8a1e71976d1,lxxxi.gift,available,14.99,14.99,medium,low,5,namesilo,,,
ed1a99c4-d03b-41a5-bc9a-582fc23c0450,preference.gift,available,14.99,14.99,high,low,10,namesilo,,,
ceaddaef-188e-41f7-bd1f-ef401e1302a8,desktop.gift,available,14.99,14.99,high,low,7,namesilo,,,
e74270b9-6c13-4491-8075-abd13a45aa69,played.gift,available,14.99,14.99,high,low,6,namesilo,,,
6ce886f4-cdd9-4da5-9927-0284d8ed81ab,kicking.gift,available,14.99,14.99,high,low,7,namesilo,,,
b9b6b192-6d62-402f-9d54-dc70bc98383e,adamant.gift,available,14.99,14.99,high,low,7,namesilo,,,
36e3eeca-d140-41b1-ac94-79e91062ef58,alimony.gift,available,14.99,14.99,high,low,7,namesilo,,,
9bcd4ccc-f2af-44ed-881b-dda7d5339cc7,kinder.gift,available,14.99,14.99,high,medium,6,namesilo,,,
e1df61a9-c167-41eb-994f-b7c266c2175c,manual.gift,available,14.99,14.99,high,low,6,namesilo,,,
a8f4bbaa-a8fd-42b1-9c3d-83f1e6aeae89,twelfth.gift,available,14.99,14.99,high,low,7,namesilo,,,
6e6faa4e-d592-4134-90c8-a75592c8ca37,fairy.gift,available,,,high,low,5,,,,
b87bac4c-4866-4154-bdee-bd085ad00ec6,absence.gift,available,14.99,14.99,high,low,7,namesilo,,,
45742a94-1233-4ef7-b52c-8eefccb8a26f,adios.gift,available,14.99,14.99,high,low,5,namesilo,,,
78e02fbd-d553-4c0f-bf9d-c39b31fb61c4,commenting.gift,available,23.98,,high,low,10,namecheap,,,
89fed59f-4572-473e-ae22-a3297ce4091b,possible.gift,available,14.99,14.99,high,low,8,namesilo,,,
35bd1300-5893-4186-acf4-a992fffa4a48,recession.gift,available,14.99,14.99,high,low,9,namesilo,,,
c8fcfad6-b632-4a14-89e5-8844df530822,volcano.gift,available,14.99,14.99,high,low,7,namesilo,,,
817d3cd8-5378-456a-bad0-768d9416e40a,rile.gift,available,14.99,14.99,medium,low,4,namesilo,,,
4a67ab63-4492-4ec6-a3a0-98d75736768b,thug.gift,available,14.99,14.99,high,low,4,namesilo,,,
8eb89271-6f51-4e78-aac9-a385f9d0b580,newsgroup.gift,available,23.98,,high,low,9,namecheap,,,
2c8d39c0-eb41-438d-89a9-ce790f986f1d,accidental.gift,available,14.99,14.99,high,low,10,namesilo,,,
490fca2a-fd57-4c72-b524-466a471e7fac,workout.gift,available,14.99,14.99,high,low,7,namesilo,,,
a1fd5834-ea26-4377-8b3b-e2867ba5caaa,lay.gift,premium,150,,high,low,3,name.com,,,
adc0a543-2805-4051-8a82-dfc6c0fe0989,kgb.gift,premium,150,,high,low,3,name.com,,,
2bbf0eaa-2dfa-4438-97fc-96c693f976e9,represented.gift,available,14.99,14.99,high,low,11,namesilo,,,
8d2b2298-2aef-49fe-b1cb-20e5549d0b30,offstage.gift,available,14.99,14.99,high,low,8,namesilo,,,08/08/2026 06:14
e915e5cd-7180-4690-bdd8-d21468618f91,jumping.gift,available,14.99,14.99,high,low,7,namesilo,,,08/09/2026 06:49
611294b1-9ce4-4c1c-998c-bfe7f9e30d44,artless.gift,available,14.99,14.99,high,low,7,namesilo,,,06/08/2026 23:47
b3ae642e-8805-4a09-9eb6-876c93da4e78,untypical.gift,available,14.99,14.99,medium,low,9,namesilo,,,07/08/2026 16:10
b19de38f-b604-49b5-816a-7cdd046b3cea,beforehand.gift,available,14.99,14.99,medium,low,10,namesilo,,,09/08/2026 08:51
856566eb-4b49-4a9b-8e5e-ef755dcdf1e6,argent.gift,available,20.98,23.98,high,low,6,namecheap,,,06/08/2026 17:51
3331da9b-f516-46a2-9bfe-f032199bc5ea,cnn.gift,available,14.99,14.99,high,low,3,namesilo,,,
88d712e1-1fb9-45e0-83b1-23ff258d94c5,tape.gift,available,14.99,14.99,high,low,4,namesilo,,,
c323c7ea-2375-48ac-a941-7a4fed05c10f,mechanic.gift,available,14.99,14.99,high,low,8,namesilo,,,
cb4f94b9-2baa-4a08-a780-c07475bdb472,wrongful.gift,available,14.99,14.99,medium,low,8,namesilo,,,
8f5ba65b-38d5-4f49-9e0c-3b9885f82365,apiarian.gift,available,14.99,14.99,medium,low,8,namesilo,,,05/08/2026 23:53
35303721-66ee-42ca-be66-ba7cada0c0e3,disapproval.gift,available,14.99,14.99,medium,low,11,namesilo,,,
ec2a2311-ad53-48a0-bfdc-5b899087fa0c,charleston.gift,available,14.99,14.99,high,low,10,namesilo,,,
0818fb61-8be1-4203-b726-fc7007687bce,clue.gift,available,14.99,14.99,high,low,4,namesilo,,,
ae4c71bd-a519-4150-a505-2c98ef12ffc3,clerk.gift,available,14.99,14.99,high,low,5,namesilo,,,
bae02e17-22e4-4e62-b0fd-43d4076a21b6,regarded.gift,available,14.99,14.99,high,low,8,namesilo,,,
596fb691-1bf7-4531-947c-6382c630016f,gleaming.gift,available,14.99,14.99,high,low,8,namesilo,,,
0bd95cdd-4606-468c-a6db-32aaa8d65529,mouthfeel.gift,available,23.98,,high,low,10,namecheap,,,
cb3af5f5-f503-4a24-883b-433fb77582b0,measuring.gift,available,23.98,,high,low,9,namecheap,,,
da00b900-85d2-458c-9d3d-cd00138f2e78,unnatural.gift,available,14.99,14.99,high,low,9,namesilo,,,
066ddd9d-5e71-4714-9920-d81b78f86f2c,acropetal.gift,available,14.99,14.99,medium,low,9,namesilo,,,
b15e570f-b30c-4881-91a9-db234574ecfb,biting.gift,available,14.99,14.99,high,low,6,namesilo,,,08/08/2026 16:41
2b01960b-dc9e-4bb9-904a-345f8e7f60c1,bjp.gift,available,23.98,,high,low,3,namecheap,,,
97a45fd1-6c40-456e-b2ca-0f04c0a1a3b5,sky.gift,premium,150,,high,medium,3,name.com,,,
02b23bd6-c8bf-414f-a2f0-6cb2b299ed75,wikileaks.gift,available,23.98,,medium,low,9,namecheap,,,
17f4330e-bfed-4497-8213-396c83e049cd,angolan.gift,available,14.99,14.99,high,low,7,namesilo,,,
ef75f7d5-f2d3-4638-aa6b-ebe19fb59ed5,infrared.gift,available,14.99,14.99,high,low,9,namesilo,,,04/09/2026 07:52
5bdbec64-9fb7-4884-90bb-bfa2eda3e4d9,inhibit.gift,available,14.99,14.99,high,low,7,namesilo,,,
ab31ce29-bcc5-4fac-a724-493df25223ab,pittsburgh.gift,available,14.99,14.99,high,low,10,namesilo,,,
e97c9ea3-08f4-4c90-a687-82a2be42454c,spray.gift,available,14.99,14.99,high,low,5,namesilo,,,
caaaa7ec-5211-44f3-a456-602d1ec2f9a9,budget.gift,premium,150,,high,low,6,name.com,,,
c7f4ccc4-2834-46b9-8e5b-3d34777dac0c,precise.gift,available,14.99,14.99,high,low,7,namesilo,,,
53e6badb-7bed-46b4-b256-4b6d76dfae7c,affinity.gift,available,14.99,14.99,high,high,8,namesilo,,,
0899d013-43b0-4635-a074-a5356af8b73f,husband.gift,available,,,high,low,7,,,,
fd242d42-c208-4b8f-a8c7-16995bf0577c,lightly.gift,available,14.99,14.99,high,low,7,namesilo,,,
511ab466-ebf0-4bef-a43b-2cb4d7568de8,legislative.gift,available,14.99,14.99,high,low,11,namesilo,,,
8a9d3c54-a343-4d40-97ce-ac1fc15b56e4,fabric.gift,available,14.99,14.99,high,low,6,namesilo,,,08/09/2026 12:34
54650259-f29e-4d01-88ea-09d9bce13679,merely.gift,available,14.99,14.99,high,low,6,namesilo,,,
acd29433-f3fb-48b9-84fc-1a68df610074,permutation.gift,available,23.98,,high,low,11,namecheap,,,
bde54d93-0571-4b7c-98ee-5f54a3a1b96d,mother.gift,available,14.99,14.99,high,low,6,namesilo,,,
913efd57-5787-4fdd-9729-31c1e8ff6db8,variable.gift,available,14.99,14.99,high,low,8,namesilo,,,
33e5c30a-6a9c-49d9-a7d3-ab109d50c5af,billboard.gift,available,14.99,14.99,high,low,9,namesilo,,,
3f0275e9-4c55-4868-85ca-718920eb7bda,enraged.gift,available,14.99,14.99,medium,low,7,namesilo,,,
8e7ac366-24e4-4ad5-850e-a9a472c3b39a,asunder.gift,available,14.99,14.99,medium,low,7,namesilo,,,07/08/2026 10:20
ac422f3e-b102-406c-b1cc-d123a6a284d3,dawn.gift,available,14.99,14.99,high,low,4,namesilo,,,
93da2910-4949-4d29-8b86-6c4da4ff1705,something.gift,premium,150,,high,low,9,name.com,,,
053c2c58-e70c-44e4-8b37-f1c03ce0bd93,lxv.gift,premium,150,150,medium,low,3,name.com,,,
0c6811e9-f863-4ea4-b5ef-c2d8f9c79d22,lxiv.gift,available,14.99,14.99,medium,low,4,namesilo,,,
8487befd-0ad5-4d59-8ce7-ed48e2d1c7fd,public.gift,available,14.99,14.99,high,low,6,namesilo,,,
a0ac6bf5-c0d2-480c-b522-835ab910ad86,insufficient.gift,available,14.99,14.99,medium,low,12,namesilo,,,
d6530b80-9457-415d-8123-dcac2baffe7b,riding.gift,available,14.99,14.99,high,low,6,namesilo,,,
09716648-ed6e-4ecc-acec-b45407fb0e1d,tell.gift,available,14.99,14.99,high,low,4,namesilo,,,
ce2bc87c-fb63-4b3a-b4e5-cdf9ec082a5e,obtain.gift,available,14.99,14.99,high,low,6,namesilo,,,
f22cbc4c-a5e4-49c6-bcc4-87d741cf3f38,annotated.gift,available,14.99,14.99,high,low,9,namesilo,,,
e831fe3d-3874-4bb8-afcf-db91119d033d,detour.gift,available,14.99,14.99,high,low,6,namesilo,,,
dca8c62d-8321-41d0-8dcc-f73f15f5dec2,starting.gift,available,14.99,14.99,high,low,8,namesilo,,,
86b33e0b-b3a7-439e-8b44-43e1d2b13cea,laborer.gift,available,14.99,14.99,high,low,7,namesilo,,,
06c17a35-bdb3-4f58-bcdb-f51734085b58,astylar.gift,available,14.99,14.99,medium,low,7,namesilo,,,07/08/2026 10:15
198db20d-1417-4a66-b333-12fa9a5a27e6,indiana.gift,available,14.99,14.99,high,low,7,namesilo,,,
3d03dbca-6936-4af0-b8ed-c4bfd52a0213,anorectal.gift,available,14.99,14.99,medium,low,9,namesilo,,,
c25ca09a-bfad-4c4b-8ee4-f3ac4c64e4ef,pour.gift,available,14.99,14.99,high,low,4,namesilo,,,
fd75399b-2ae8-4f78-a4dc-192067c069e0,union.gift,available,14.99,14.99,high,low,5,namesilo,,,
f954564b-ec50-49b5-af25-a3d645cf40d7,been.gift,available,14.99,14.99,medium,low,4,namesilo,,,
beb38496-bfad-4462-8944-0705e2d03fdb,alkalic.gift,available,14.99,14.99,medium,low,7,namesilo,,,
2e1e64db-978a-41f4-90e0-ac46df379ce4,anticipant.gift,available,14.99,14.99,medium,low,10,namesilo,,,
4bfd2d45-fab5-44f2-a55a-bad909dc6bd3,gates.gift,available,14.99,14.99,high,low,5,namesilo,,,
ea8584e9-3a27-4984-a24a-d48fbebb2a61,soul.gift,available,,,high,low,4,,,,
a5f169ec-5a43-4728-b9bd-4f831dd18eaa,fasten.gift,available,14.99,14.99,high,low,6,namesilo,,,
c63b08ae-3991-4a32-b668-86b7002fb8da,rejected.gift,available,14.99,14.99,medium,low,8,namesilo,,,
c0cfab5e-6ede-4bde-b07b-df4bb62dd869,put.gift,premium,150,,high,low,3,name.com,,,
b0b91595-0778-448d-9a9d-688858ef13fe,xlvii.gift,available,,,medium,low,5,,,,
a712bd3b-7b17-4334-b04a-88b833096d70,bahreini.gift,available,14.99,14.99,medium,low,8,namesilo,,,08/08/2026 08:41
62e4e885-1d11-4ca9-8295-1f14df2bf478,delighted.gift,available,14.99,14.99,high,low,9,namesilo,,,09/08/2026 10:01
db6ea4a6-fef4-4a82-992b-b36ff79bdab1,blistering.gift,available,14.99,14.99,high,low,10,namesilo,,,
1d398933-1476-4ae1-8931-e0728df29e26,airline.gift,available,14.99,14.99,high,low,7,namesilo,,,
0389e64a-035f-48a6-aecf-5fffdfa8cf4c,mom.gift,premium,150,,high,low,3,name.com,,,
be2890ea-3acb-42cd-98d7-600f48081b76,diversity.gift,available,14.99,14.99,high,low,9,namesilo,,,
fd3a8a7b-5024-4bfe-bb77-920760cd3062,outback.gift,available,14.99,14.99,high,low,7,namesilo,,,
42a61c0c-2d5e-488e-a3ec-8bdce0d3b6b6,glittery.gift,available,14.99,14.99,high,low,8,namesilo,,,
db9fa1a3-860a-47f9-ac12-1b17b2d65a5e,assiduous.gift,available,14.99,14.99,medium,low,9,namesilo,,,07/08/2026 06:09
e3e21857-4100-4af1-9c90-aa622fe6d2a9,calculation.gift,available,14.99,14.99,high,low,11,namesilo,,,
56c0d0f0-1fe6-4c2f-bda0-eab82892cfc4,jersey.gift,available,,,high,low,6,,,,
d85ad768-f693-43b4-9f68-510dce616693,farmer.gift,available,14.99,14.99,high,low,6,namesilo,,,08/09/2026 06:02
85edaf38-99a9-4367-afb7-73bbc16e16c3,congestion.gift,available,14.99,14.99,high,low,10,namesilo,,,
f1d993e6-57e3-4f00-a681-90ec49d454c9,bacchanal.gift,available,14.99,14.99,high,low,9,namesilo,,,08/08/2026 04:14
bea0ffae-94e7-47fe-be31-d64fa2942406,opinion.gift,available,23.98,,high,low,7,namecheap,,,
c68f2d2e-bbd6-4f8c-8f2b-edb9bef96d8b,hood.gift,available,14.99,14.99,high,low,4,namesilo,,,
d50e906d-18ed-45e0-af7c-aa3f44333a81,coolly.gift,available,14.99,14.99,high,low,6,namesilo,,,
4de8175f-951d-4e10-9349-ea19bc17707c,surrender.gift,available,14.99,14.99,high,low,9,namesilo,,,
42cef868-be97-4891-925b-f4e7148368f5,recommendation.gift,available,23.98,,high,low,14,namecheap,,,
ad0d2f06-f482-44a8-a95f-3578bba3133d,tug.gift,premium,150,,high,low,3,name.com,,,
cc634907-4c05-4bf4-80b2-fefe44ceee9b,totaled.gift,available,14.99,14.99,high,low,7,namesilo,,,
ec88362f-1653-4399-9b78-7c8e68ac461e,msg.gift,available,23.98,,high,low,3,namecheap,,,
00029b3e-2ff6-44d7-8525-18d08ddc09b5,assess.gift,available,14.99,14.99,high,low,6,namesilo,,,
71f8426a-b482-4ee7-a8c0-beb97fc5648e,capone.gift,available,14.99,14.99,medium,low,6,namesilo,,,
1a0578b7-8cc3-4ca4-acec-5d9754d0c276,groups.gift,available,14.99,14.99,high,low,6,namesilo,,,
50813c21-8e7d-45ae-bfa2-ef5b53352e59,maudlin.gift,available,14.99,14.99,medium,low,7,namesilo,,,09/08/2026 00:42
f063599b-60c7-4c75-8035-7f80ca88c420,begotten.gift,available,14.99,14.99,medium,low,8,namesilo,,,09/08/2026 09:11
8b9b6004-e882-4eb7-b2c2-015154b9f7ed,volleyball.gift,available,14.99,14.99,high,low,10,namesilo,,,
ee095415-382c-45e6-813d-feaca2a121dc,watt.gift,available,14.99,14.99,high,low,4,namesilo,,,
2b42111b-7b58-4759-bc8d-88b8310a40f1,fall.gift,available,14.99,14.99,high,low,4,namesilo,,,
2898882d-61f3-4665-b881-70a7e6d93d4c,dandy.gift,available,14.99,14.99,high,low,5,namesilo,,,08/08/2026 12:30
cc654d1a-2147-449a-b835-46246a74ee25,these.gift,available,14.99,14.99,medium,low,5,namesilo,,,
673cccae-897a-430c-a7a3-5257ceb838ac,affiliate.gift,available,14.99,14.99,high,low,9,namesilo,,,
da0f6ada-255c-4313-8c1a-3435fb8b8c0a,respecting.gift,available,23.98,,medium,low,10,namecheap,,,
4059f458-1187-41de-98cd-36c867ba6748,drippy.gift,available,14.99,14.99,medium,low,6,namesilo,,,09/08/2026 00:32
94ccaddf-6373-47e2-8d9f-4b8f1d318a9a,stress.gift,available,14.99,14.99,high,low,6,namesilo,,,
83c4abf3-3d84-45be-8e9d-3db0d5051698,ninth.gift,available,14.99,14.99,high,low,5,namesilo,,,
d0b07ab0-ab8b-491f-825b-bed07c260196,sawtooth.gift,available,14.99,14.99,medium,low,9,namesilo,,,
9f5b14f1-de4e-496c-8684-04b9e59ac44e,microwave.gift,available,23.98,,high,low,9,namecheap,,,
cb372b13-0f9d-4bba-b2be-d2adcded6fd1,pin.gift,premium,150,,high,low,3,name.com,,,
9c426944-597b-4ef5-a397-1c8f51779dc7,identify.gift,available,14.99,14.99,high,low,8,namesilo,,,
754c5c20-933e-4bc1-a9c2-e2f3bdbaca4b,cognisant.gift,available,14.99,14.99,medium,low,9,namesilo,,,08/08/2026 00:18
428793c2-4e58-495f-9b51-4b07f22a640e,standardize.gift,available,14.99,14.99,high,low,11,namesilo,,,
8e097f70-64f3-42e7-b35b-8ea7e31a1725,useless.gift,available,14.99,14.99,high,low,7,namesilo,,,
c6a67c68-3302-4172-89a1-759f33c00ff7,munich.gift,available,23.98,,high,low,6,namecheap,,,
bfc1f635-7f9d-43a1-bc6a-b856dbc4e472,balding.gift,available,14.99,14.99,medium,low,7,namesilo,,,08/08/2026 09:35
e69af8c1-1839-4d68-955b-7110f296992f,noise.gift,available,14.99,14.99,high,low,5,namesilo,,,
3c360e75-22df-428f-bb64-ea4c5707dade,began.gift,available,14.99,14.99,medium,low,5,namesilo,,,
a191ebe6-193c-4247-9270-0a8afe46c671,roasted.gift,available,23.98,,high,low,7,namecheap,,,
7d069f74-5be1-41a2-b963-7ff93a640a9a,kooky.gift,available,20.98,23.98,high,low,5,namecheap,,,06/08/2026 21:04
ef9688ae-12d5-463c-bf18-eaf1d2366e02,certificate.gift,available,14.99,14.99,high,low,11,namesilo,,,
cffbe553-579d-44a3-8cbc-4eaa50f3ff0a,rheumatoid.gift,available,14.99,14.99,high,low,10,namesilo,,,06/08/2026 23:10
afdfe9f9-2b43-4914-aa60-5f3f4fe5627b,garlic.gift,available,14.99,14.99,high,low,6,namesilo,,,
05d8f40f-853e-41af-bde5-fe51314547d9,singletree.gift,available,23.98,,medium,low,11,namecheap,,,
b60fc068-9a29-4b35-a6a1-337eaca4c7b6,scarface.gift,available,14.99,14.99,high,low,8,namesilo,,,
dc914746-35d5-4cda-9790-1a9d88acc5b4,flourishing.gift,available,23.98,,high,low,11,namecheap,,,
e54ef2f4-62e3-4d30-8a47-a53fef723206,involve.gift,available,14.99,14.99,high,low,7,namesilo,,,
9bd4fe61-8703-4989-9e5f-a48bc7f3888a,professor.gift,available,14.99,14.99,high,low,9,namesilo,,,
dc544490-0296-4be8-b67a-ea5dd4c0c8f4,phoney.gift,available,14.99,14.99,medium,low,6,namesilo,,,08/08/2026 23:14
8a288bdb-41ab-4a6b-b1ac-3a9d26a53178,matte.gift,available,14.99,14.99,high,low,5,namesilo,,,
312e3266-a385-4a68-ba95-93344d66f465,surrounding.gift,available,14.99,14.99,high,low,11,namesilo,,,
2fdd9a8a-f439-4be7-a781-24f805a15786,request.gift,available,14.99,14.99,high,low,7,namesilo,,,
6b3f207a-6fb6-42a6-b516-4d3c8c90df40,ringed.gift,available,14.99,14.99,high,low,6,namesilo,,,
de4eed41-0822-44b7-89c8-e96a53313636,misses.gift,available,14.99,14.99,high,low,6,namesilo,,,
0126feeb-fca3-49a1-961e-25e8778bc599,laws.gift,available,14.99,14.99,high,low,4,namesilo,,,
248c05af-9554-4954-ad04-ce0c476508d0,max.gift,premium,150,,high,medium,3,name.com,,,
ba10078d-38ff-4f77-a590-39c43087222b,conventionally.gift,available,23.98,,medium,low,14,namecheap,,,
e220acd1-0372-4ac5-a64a-114af7a9624e,recipe.gift,available,14.99,14.99,high,low,6,namesilo,,,
19bfffa3-d9d3-42f2-b65d-44bd9da94086,despotic.gift,available,14.99,14.99,medium,low,8,namesilo,,,07/08/2026 18:58
3b98b461-fab9-4a7f-b1d8-e4c740759d21,sparkly.gift,available,14.99,14.99,high,low,7,namesilo,,,
c4518a05-710c-428e-a16f-039668d3a5c0,outlet.gift,resell,,,high,low,6,Porkbun LLC,25/02/2022 21:12,25/02/2026 21:12,
1404fae2-ffea-47ea-ad40-513af5202c1f,antiracist.gift,available,14.99,14.99,high,low,11,namesilo,,,
00479019-35b1-4bd2-b50c-dad8ec735a49,apish.gift,available,14.99,14.99,medium,low,5,namesilo,,,06/08/2026 00:12
c0a93230-3981-4697-966a-b27cee99b0d0,tercet.gift,available,,,high,low,6,,,,
2a265380-fbdc-4857-b7d4-3fb525f1f414,await.gift,available,14.99,14.99,high,low,5,namesilo,,,
e25a7e97-9204-4c0d-b010-41dfa0fd7d19,anodyne.gift,available,14.99,14.99,medium,low,7,namesilo,,,
cec15e72-8d17-4496-bcab-aec73ccc9aaa,duck.gift,available,,,high,low,4,,,,
de0af4a9-f0b9-487c-8e10-ea0230bb25e1,grilled.gift,available,14.99,14.99,high,low,7,namesilo,,,08/08/2026 16:31
c5f641c9-88e1-43c5-ae78-72f56d45012f,castellano.gift,available,14.99,14.99,medium,low,10,namesilo,,,
1542bc8b-be02-4f20-b057-843f753e30f9,piano.gift,available,14.99,14.99,high,low,5,namesilo,,,
24588342-e1b6-4e20-a3b1-913b3695a4a2,obsessive.gift,available,14.99,14.99,high,low,9,namesilo,,,
cd3f1eda-306c-452c-82a3-d5f9353a0ab1,acrid.gift,available,14.99,14.99,medium,low,5,namesilo,,,
443c3e11-bae5-4c8c-a180-20308b0f2078,competing.gift,available,14.99,14.99,high,low,9,namesilo,,,
b7782c7b-2de3-4a03-93a2-2c63e585e5bc,aspheric.gift,available,14.99,14.99,medium,low,8,namesilo,,,07/08/2026 04:52
4f0d1b0a-fb8e-4911-bffc-32774162054c,revered.gift,available,23.98,,high,low,7,namecheap,,,
cf06c1de-71df-4194-96b1-9fc90d440890,fidgety.gift,available,14.99,14.99,high,low,7,namesilo,,,05/08/2026 20:32
29dc5cb8-837b-4ed9-b788-50eef27c19eb,hannukah.gift,available,14.99,14.99,high,low,8,namesilo,,,
79010b05-58c3-4de6-b595-d08c9956b828,retardant.gift,available,14.99,14.99,high,low,9,namesilo,,,
01b0a140-b685-49c6-8a67-c949e837b7ad,seem.gift,available,14.99,14.99,high,low,4,namesilo,,,
584466c0-1432-4625-b677-5a722df0eee7,bud.gift,available,14.99,14.99,high,low,3,namesilo,,,
4e61917a-ff74-4ff6-b960-f0d370b84645,ardent.gift,available,14.99,14.99,high,low,6,namesilo,,,06/08/2026 16:11
9b44fac3-99f0-4194-9a0e-33ab6436d056,extremely.gift,available,14.99,14.99,high,low,9,namesilo,,,
ef317840-9ca5-49dc-8f7b-37fd6fb5eb56,irritation.gift,available,14.99,14.99,high,low,10,namesilo,,,
4b83b6a1-b41c-4242-91ed-5f2e1ee5f6c6,waken.gift,available,14.99,14.99,high,low,5,namesilo,,,08/08/2026 00:08
1b3b07d9-34df-4a49-b994-8f4c83e20c23,inverted.gift,available,14.99,14.99,high,low,8,namesilo,,,
e964a0df-d690-4d99-976e-7b43c2c056dd,lxx.gift,available,14.99,14.99,medium,low,3,namesilo,,,
272a65eb-9264-4448-a39d-2187ff6d6e7c,koala.gift,available,14.99,14.99,high,low,5,namesilo,,,
b76861cc-768d-4c4f-a395-e0d04f533ac2,characteristics.gift,available,14.99,14.99,medium,low,15,namesilo,,,
528628ec-4cba-420f-b7e1-2e78e847260c,metre.gift,available,14.99,14.99,high,low,5,namesilo,,,
b9cfd131-2f38-4e04-ab51-52551c4e676c,hokey.gift,available,14.99,14.99,medium,low,5,namesilo,,,09/08/2026 00:37
c51b5a4e-aed0-4b56-a05a-87faf8440e60,paint.gift,available,14.99,14.99,high,low,5,namesilo,,,
74683da3-a5e1-483c-9a0e-cdd5de48e425,lp.gift,available,,,high,low,3,,,,
85786366-53b6-45b6-b8a7-ac0d0f52228b,agitating.gift,available,14.99,14.99,medium,low,9,namesilo,,,
0fe9be18-4dee-4678-bdad-501f96de1eb7,procrastinate.gift,available,23.98,,medium,low,13,namecheap,,,
e1071fcf-4a61-4a21-8fcf-fa93a23f05c9,lag.gift,available,14.99,14.99,high,low,3,namesilo,,,
84e2a809-1c96-40bf-9568-948bdb6e2023,xxxvii.gift,available,14.99,14.99,medium,low,6,namesilo,,,
7de2eb9b-ccd6-410a-ba68-8fe50c0c34cf,birds.gift,available,14.99,14.99,high,low,5,namesilo,,,
a6f020dd-74e9-4821-afb1-59c751589a2a,threesome.gift,available,14.99,14.99,high,low,9,namesilo,,,
44095aad-2e66-4937-a595-4bf056832039,ackack.gift,available,14.99,14.99,medium,low,7,namesilo,,,
26beff74-401f-46d1-bb03-99b9818892da,maid.gift,available,14.99,14.99,high,low,4,namesilo,,,
747a1e4e-ee70-46ed-9a9d-cb1bb517ed41,oregon.gift,available,14.99,14.99,high,low,6,namesilo,,,
6a94fcb9-8f34-48c5-99c9-e5a7e0142c3a,number.gift,available,14.99,14.99,high,low,6,namesilo,,,
67bca828-ec59-4017-935c-4c7d145c3d3a,wanting.gift,available,14.99,14.99,high,low,7,namesilo,,,
398a12c9-074a-465b-b005-775c61680476,abenaki.gift,available,14.99,14.99,high,low,7,namesilo,,,
46b07c22-8681-4c2d-81f4-c744c91f0019,abstinent.gift,available,14.99,14.99,high,low,9,namesilo,,,
57eb6891-7bcd-4e97-b583-c86191b5532c,investments.gift,available,14.99,14.99,high,low,11,namesilo,,,
c6a33120-10fb-4c8f-a691-0fa0291e9e24,law.gift,premium,156,156,high,medium,3,namecheap,,,
a0d2ca94-a98f-4a44-90f7-0379b1767556,palliative.gift,available,14.99,14.99,high,low,10,namesilo,,,
aba55b68-236f-483c-8579-3157fe8cd4aa,traveler.gift,available,14.99,14.99,high,low,8,namesilo,,,
177976ce-da95-4001-9d3a-e01d867cacc9,retiring.gift,available,23.98,,high,low,8,namecheap,,,
15a097c4-e384-4c94-9025-fc9d76204925,speak.gift,available,23.98,,high,low,5,namecheap,,,
e2acddd0-a777-4ff7-9815-62eb93b54921,memorise.gift,available,14.99,14.99,high,low,8,namesilo,,,
f22a9b51-6d65-4d82-a273-c4455725b954,hindsight.gift,available,14.99,14.99,high,low,9,namesilo,,,
24f987ea-8ea7-4959-a366-8791a076cf8a,heads.gift,available,14.99,14.99,high,low,5,namesilo,,,
8bd4b670-64de-4e92-9f3f-9a9e304d5354,committing.gift,available,14.99,14.99,high,low,10,namesilo,,,
44e4f19c-0225-43ec-abc1-e18072300dc1,roi.gift,premium,150,,high,low,3,name.com,,,
7bc73ccf-c7e5-43e3-a080-0856b1f70a61,deflation.gift,available,14.99,14.99,high,low,9,namesilo,,,
9ed6a169-8fb0-4762-bf0c-162247b4aa59,descend.gift,available,14.99,14.99,high,low,7,namesilo,,,
96d1af34-960b-41f6-bc69-0e2ca0a11fbd,but.gift,premium,150,,high,low,3,name.com,,,
0e7aee14-5cc9-4718-a147-2c9f63c796ca,pimply.gift,available,14.99,14.99,medium,low,6,namesilo,,,
09c32189-d708-4dfb-975e-d93ce5ce069f,baroque.gift,available,14.99,14.99,high,low,7,namesilo,,,08/08/2026 20:26
8c6f684b-a4b1-4acd-85d2-e8e96fd49010,sheraton.gift,available,14.99,14.99,high,high,8,namesilo,,,
5edbfd12-1d9d-4cc2-b0b6-1c040d451fed,consult.gift,available,14.99,14.99,high,low,7,namesilo,,,
cf6e25be-dd9d-4eaa-a527-2bb83e72863d,accentual.gift,available,14.99,14.99,medium,low,9,namesilo,,,
0a798b03-5326-49bf-a84e-ecc0c7760a1d,afflicted.gift,available,14.99,14.99,high,low,9,namesilo,,,
cac37d67-4785-412f-b9a6-5e4ba15217e6,modeler.gift,available,23.98,,high,low,7,namecheap,,,
91c00b9a-d5ef-423c-97ce-c3e122c0b084,almost.gift,available,14.99,14.99,high,low,6,namesilo,,,
705eb4b0-1fc7-4be6-9f82-510f0cb233f1,had.gift,premium,150,,high,low,3,name.com,,,
3f6e908a-6bfb-48d7-a018-7b803406e787,beaked.gift,available,14.99,14.99,medium,low,6,namesilo,,,09/08/2026 03:50
27afe6d5-dbdb-4786-9cd6-82fb270410a7,borne.gift,available,14.99,14.99,high,low,5,namesilo,,,
8af88bce-9179-445f-9461-af3728c15353,ser.gift,premium,150,,high,low,3,name.com,,,
959f97ae-90e9-4e34-8e23-c880ba2acfa2,wound.gift,available,14.99,14.99,high,low,5,namesilo,,,
925b0480-7f1d-48f6-b532-32939dec56d3,pizzeria.gift,available,14.99,14.99,high,low,8,namesilo,,,
23a141d1-0a02-43fe-9b21-ba0ab58d71f1,luggage.gift,available,14.99,14.99,high,low,7,namesilo,,,
f2019b62-22b2-4f17-92bb-8df44643b3fd,exec.gift,available,14.99,14.99,high,low,4,namesilo,,,
4a12dd0b-b86f-4cda-9968-abeeeae5e16f,whiteboard.gift,available,23.98,,high,low,10,namecheap,,,
a03d8615-7dd9-4393-b206-bafeadd327ee,eating.gift,available,14.99,14.99,high,low,6,namesilo,,,08/09/2026 13:35
00ac4e7b-1bf3-498e-aa36-2a737afb51b1,terrified.gift,available,14.99,14.99,medium,low,9,namesilo,,,
a58de43d-d951-4989-9fa5-64d139cd3ad7,aspirer.gift,available,14.99,14.99,medium,low,7,namesilo,,,07/08/2026 05:12
24be4cd6-f3f0-4043-b9e5-4c513edc0eca,spiritual.gift,premium,150,150,high,low,9,name.com,,,06/08/2026 05:42
18bcc862-25e0-4a01-8563-f3f195d5a7dc,unbeatable.gift,available,14.99,14.99,high,low,10,namesilo,,,
0ec8fd03-26d6-4f6a-b98d-cbcdc2580d31,priceless.gift,available,14.99,14.99,high,medium,9,namesilo,,,
f99e1dab-20ca-4e33-b359-047b9bb84155,banging.gift,available,14.99,14.99,high,low,7,namesilo,,,08/08/2026 13:03
60d878c5-102b-4330-9476-a14c6832c919,amative.gift,available,14.99,14.99,medium,low,7,namesilo,,,
e665afe3-1f6c-4b6a-8b39-3522e5ad3b4c,pancreas.gift,available,14.99,14.99,high,low,8,namesilo,,,
e87fa3dd-10cc-4315-a093-61dfebebfa4b,owned.gift,available,14.99,14.99,high,low,5,namesilo,,,
d95d093d-31d4-4715-b374-255cd8748fc2,organ.gift,available,14.99,14.99,high,low,5,namesilo,,,
6601ae23-4001-4ebd-ad65-93bdbcbd150b,nutrient.gift,available,14.99,14.99,high,low,8,namesilo,,,08/09/2026 11:42
5368b451-54b0-44e9-9732-a209c00cbd2c,germicide.gift,available,14.99,14.99,high,low,9,namesilo,,,
70563643-aef0-49fe-84aa-947521071cc9,seagull.gift,available,14.99,14.99,high,low,7,namesilo,,,
4f3bf143-2503-4098-b775-b43e376a3142,lxxiv.gift,available,20.98,23.98,medium,low,5,namecheap,,,
045b7d96-d4d4-4e9a-87ea-e0294c63b009,introduction.gift,available,14.99,14.99,high,low,12,namesilo,,,
baf2d0cf-70d3-4c1b-add3-6a2cfb5f8f8a,greet.gift,available,14.99,14.99,high,low,5,namesilo,,,
9e473392-286d-4726-a56d-cc1fa1ca6157,baseball.gift,available,,,high,low,8,,,,
be0fd1df-66e9-4717-82d0-215ba2b3ac8e,documents.gift,available,14.99,14.99,high,low,9,namesilo,,,
30b56ddc-382d-41aa-b058-185a1adfd018,xcl.gift,available,14.99,14.99,medium,low,3,namesilo,,,
4cd888d2-0445-492c-9267-0a938e12b657,invent.gift,available,14.99,14.99,high,low,6,namesilo,,,
be65ea71-482a-45ce-85cd-6f40bc1f1c51,supper.gift,available,23.98,,high,low,6,namecheap,,,
fd48df62-cad4-4498-b2f4-f19752e3c4e5,cairo.gift,available,14.99,14.99,high,low,5,namesilo,,,
18bdd31d-655a-4507-a604-750deef77d45,impression.gift,available,14.99,14.99,high,low,10,namesilo,,,
67ccac66-1b01-402b-967f-9ec0c4d0274b,twinkly.gift,available,14.99,14.99,medium,low,7,namesilo,,,09/08/2026 04:13
f8681461-1722-4e51-9459-bc4946129bcc,articled.gift,available,14.99,14.99,medium,low,8,namesilo,,,06/08/2026 08:28
6843aa7d-63eb-463f-967f-6575fa020466,altered.gift,available,14.99,14.99,high,low,7,namesilo,,,
f1cf4f8d-2532-46d1-81ee-44ef097222f9,pharmacy.gift,available,23.98,,high,low,8,namecheap,,,
1997b19c-dfe5-4719-b600-6427372cdf0a,captain.gift,available,14.99,14.99,high,low,7,namesilo,,,
c2c19328-d286-4d47-9c43-f53078aa69dd,default.gift,available,23.98,,high,low,7,namecheap,,,
3ef4e200-47bf-4b7e-95b7-9f6c2dd631f9,thought.gift,available,,,high,low,7,,,,
0048add5-89b4-4015-ae7d-221a5a9f3865,commission.gift,available,14.99,14.99,high,low,10,namesilo,,,
2e957fbc-10ee-4234-98d5-80d51cc2ef3d,androgenic.gift,available,14.99,14.99,medium,low,10,namesilo,,,
bf6f6de0-5d9a-4e44-aba7-c3364895f5cc,supervise.gift,available,23.98,,high,low,9,namecheap,,,
c29848d4-f72f-480f-9983-0177eb4c6981,spend.gift,available,14.99,14.99,high,low,5,namesilo,,,
3a5fae91-0573-4e3b-a644-9157b7e2c3d7,typing.gift,available,14.99,14.99,high,low,6,namesilo,,,
70455585-ecc7-4772-a38b-e7ec3b6a703a,sam.gift,premium,150,,high,medium,3,name.com,,,
9d0f1995-e218-4fd5-913f-b880f16e125c,detective.gift,available,14.99,14.99,high,low,9,namesilo,,,
f0e608f6-e840-4521-ac85-0adb0dc58b3f,produce.gift,available,14.99,14.99,high,low,7,namesilo,,,
516bc40d-a507-43b3-911f-ba7e579159de,dicks.gift,available,14.99,14.99,medium,low,5,namesilo,,,
9dc6a289-e9bd-4e44-bd5c-82ffea68cdab,recover.gift,available,14.99,14.99,high,low,7,namesilo,,,
876f48f3-5523-411b-862f-7108dfe1a98d,orangutan.gift,available,14.99,14.99,high,low,9,namesilo,,,
5bb3f48e-ccb0-4218-8a06-f39a75737111,sunday.gift,available,14.99,14.99,high,low,6,namesilo,,,
8582bc47-1f04-4e78-9f6f-d8063735b6f2,seventh.gift,available,14.99,14.99,high,low,7,namesilo,,,
a24f800a-121d-4857-b8bb-bad3c2fd727d,brushing.gift,available,14.99,14.99,high,low,8,namesilo,,,
f0d052a7-4b7f-4080-9126-1ca53a7ad4a7,hater.gift,available,14.99,14.99,medium,low,5,namesilo,,,
c240c511-51fc-45e7-9b09-7d67faad8128,apsidal.gift,available,14.99,14.99,medium,low,7,namesilo,,,06/08/2026 10:18
f931d23a-9160-4ab9-9d2c-66ad8efc8d8c,require.gift,available,14.99,14.99,high,low,7,namesilo,,,
98561794-4aeb-4ed4-bc7a-6654e00fc968,otic.gift,available,14.99,14.99,medium,low,4,namesilo,,,07/08/2026 17:41
1115b251-c764-4a12-9c5a-0914fa6e2d6b,doctor.gift,available,,,high,low,6,,,,
ca9e4c72-f3a9-4cec-9db8-1f46e8d64e0f,canadas.gift,available,23.98,,medium,low,7,namecheap,,,
8bccc3d7-88d0-4e74-bdb3-b422ee9f8516,rebellion.gift,available,14.99,14.99,high,low,9,namesilo,,,
96c3e61c-6c04-47a3-a2d2-6d50906b47d1,restricted.gift,available,23.98,,high,low,10,namecheap,,,
f12aba35-7824-435f-8ed2-ad1bc2bc95b9,annoy.gift,available,14.99,14.99,high,low,5,namesilo,,,
6350210a-b37f-4e58-b529-061987feb58a,rigorous.gift,available,23.98,,high,low,8,namecheap,,,
e630c037-f2ee-4b6b-a81a-85bce5f2618f,restriction.gift,available,14.99,14.99,high,low,11,namesilo,,,
9561de74-f83e-407b-86ca-679044efdb00,pestering.gift,available,14.99,14.99,medium,low,9,namesilo,,,
b54b6563-8cc8-44f7-90bd-6fd3387b731f,dissolve.gift,available,14.99,14.99,high,low,8,namesilo,,,
2bf081ae-8239-4cfa-8668-fd008b8873ca,fervid.gift,available,14.99,14.99,high,low,6,namesilo,,,06/08/2026 16:19
e6cedaef-0c4a-40ce-8650-ed1d0c2ea194,almond.gift,available,14.99,14.99,high,low,6,namesilo,,,
3ff33f46-1356-46f2-9a47-e7195e84a0c3,attender.gift,available,14.99,14.99,medium,low,8,namesilo,,,07/08/2026 15:17
77c1ec0c-6497-455e-8f91-ce78b3c128f4,presently.gift,available,14.99,14.99,high,low,9,namesilo,,,
c88b4569-d85d-40e0-80e5-a776d651e7f7,estimate.gift,available,14.99,14.99,high,low,8,namesilo,,,
d8be51db-7b66-45d4-bdc9-ce141f4748ee,cue.gift,premium,150,,high,low,3,name.com,,,
508ae71a-54cc-4c9d-a598-5545d86a1bf4,japan.gift,available,,,high,low,5,,,,
56487092-018f-40f6-b967-7e7294f12096,gaping.gift,available,14.99,14.99,high,low,6,namesilo,,,
acdcb203-8427-4c90-9831-112e64a32afe,azygous.gift,available,14.99,14.99,medium,low,7,namesilo,,,08/08/2026 03:27
006c1581-4ba0-43a1-8561-104fa4488e6d,fever.gift,available,14.99,14.99,high,low,5,namesilo,,,
da24c367-594a-43f5-a93f-f006bea2137a,endemic.gift,available,14.99,14.99,high,low,7,namesilo,,,07/08/2026 19:26
a53363ce-eb87-456f-956b-e66d5786f27d,measure.gift,available,14.99,14.99,high,low,7,namesilo,,,
ad227e05-ada1-47e3-b027-3c4bda78ebf3,continually.gift,available,14.99,14.99,high,low,11,namesilo,,,
0153f6fa-8eb7-440c-857d-c999ea340b1f,andante.gift,available,14.99,14.99,high,low,7,namesilo,,,
c854dfe8-7eab-476d-aa42-f86e867bdfc7,rough.gift,available,14.99,14.99,high,low,5,namesilo,,,06/08/2026 09:39
a0082f96-7671-44cc-b87d-7b88598918ee,kept.gift,available,14.99,14.99,high,low,4,namesilo,,,
846401de-999f-482b-9576-6724feef2e67,phantasmal.gift,available,14.99,14.99,medium,low,10,namesilo,,,06/08/2026 05:33
dddc48c1-010b-40cc-9207-e12f33dbd1ab,father.gift,premium,150,,high,low,6,name.com,,,
42a4a6e8-d96d-4e18-8a33-031fd5670d7f,lion.gift,available,,,high,low,4,,,,
09154503-072c-44d4-a8be-fde0a36417e6,beaten.gift,available,14.99,14.99,medium,low,6,namesilo,,,09/08/2026 05:47
71f7525b-2813-44cc-8c99-380884a416e4,abatic.gift,available,14.99,14.99,medium,low,6,namesilo,,,
022701ed-6113-4eaa-b629-9c28541f027d,algometric.gift,available,14.99,14.99,medium,low,10,namesilo,,,
fcf50cd0-47e8-402a-ac25-c47a21de142f,third.gift,available,14.99,14.99,high,low,5,namesilo,,,
1f752b06-2b12-49a0-a45a-5b4672441ca7,oyster.gift,available,14.99,14.99,high,low,6,namesilo,,,
6074ca08-6058-4e7b-8a73-9fb4f2deb727,speed.gift,available,14.99,14.99,high,low,5,namesilo,,,
3d9f521b-5904-4838-bbf3-7b1b221a8662,skill.gift,available,14.99,14.99,high,medium,5,namesilo,,,
0449f6c4-51e5-4622-bccf-0ba8a810eee0,prick.gift,available,14.99,14.99,high,low,5,namesilo,,,08/08/2026 23:38
93f49c2d-33f5-4425-91e4-f07c2a51a688,leaning.gift,available,14.99,14.99,high,low,7,namesilo,,,07/08/2026 13:24
8e2dc28c-e8df-42c1-906d-06e7b1426199,quantity.gift,available,14.99,14.99,high,low,8,namesilo,,,
9d838513-b4e7-46c7-a1fc-8d95407cc037,oklahoma.gift,available,14.99,14.99,high,low,8,namesilo,,,
476aee13-25c9-4ded-84cc-b53bdb6bd718,towards.gift,available,14.99,14.99,high,low,7,namesilo,,,
32acc88a-f60e-4d36-9ec8-e82cd4f4af54,yum.gift,available,14.99,14.99,high,low,3,namesilo,,,
629e9b03-9ba7-43a0-b511-0bbdf30337f4,cons.gift,available,14.99,14.99,high,low,4,namesilo,,,
0645dff9-a8f5-42bc-b7e6-b1ff63139270,animal.gift,available,14.99,14.99,high,low,6,namesilo,,,08/09/2026 11:39
33a4e14a-02e1-486e-8b32-7d749a07769d,charge.gift,available,14.99,14.99,high,low,6,namesilo,,,
7526f54a-54d1-4291-8828-ee8d8a815848,nickelodeon.gift,available,23.98,,high,low,11,namecheap,,,
f9d7d237-e9cd-40bd-92c5-16029c39afd8,clowning.gift,available,14.99,14.99,high,low,8,namesilo,,,
c6991f7a-de7a-4ceb-b5c3-0dad437a914f,asked.gift,available,14.99,14.99,high,low,5,namesilo,,,
bfdad4db-e6bf-4140-9d45-bd9d5c00d012,voiceless.gift,available,14.99,14.99,medium,low,9,namesilo,,,05/08/2026 23:23
0e2bdaa6-3259-4775-ad77-a427a1c5e573,affined.gift,available,14.99,14.99,medium,low,7,namesilo,,,
9e720924-0c92-4a62-b7a9-ae209173f658,prompt.gift,available,,,high,medium,6,,,,
d13e3f9d-e42b-4d8f-9ce6-a27193bf9f96,shy.gift,premium,150,,high,low,3,name.com,,,
87781ac5-914a-4995-94e3-234724d46806,wikimedia.gift,available,14.99,14.99,high,high,9,namesilo,,,
d1b70399-62a2-42f2-881b-6f68377b74f2,hang.gift,available,14.99,14.99,high,low,4,namesilo,,,
b864e400-a8d7-4fd5-8d34-6df5acb106e1,velvet.gift,available,14.99,14.99,high,low,6,namesilo,,,
60ad0537-a892-4d49-a528-6e0a8c2fd919,atonic.gift,available,14.99,14.99,low,low,6,namesilo,,,07/08/2026 13:54
75ad297a-6d7e-4f5e-8fe4-ba3c19e7995b,specification.gift,available,14.99,14.99,high,low,13,namesilo,,,
daae3bba-eee6-4463-8c42-9b914bafa33e,lxxi.gift,available,14.99,14.99,medium,low,4,namesilo,,,
30c1410e-f603-4db4-a056-1b591b6ed17b,autarkic.gift,available,14.99,14.99,medium,low,8,namesilo,,,07/08/2026 18:47
e1dac3dc-f5f9-41a4-a189-785d5b4497f8,lii.gift,premium,150,150,high,low,3,name.com,,,
bb26717b-6214-4127-a14d-1b8e81c17fb7,expose.gift,available,14.99,14.99,high,low,6,namesilo,,,
1decb56d-6619-42b2-80f5-64a0831650d7,notes.gift,available,14.99,14.99,high,low,5,namesilo,,,
66419ffd-2902-45b0-b65f-58c7a925d0ab,anatropous.gift,available,14.99,14.99,medium,low,10,namesilo,,,
91ccc852-de39-41a2-a235-59b1842626de,uber.gift,available,,,high,low,4,,,,
f1365531-7189-4339-a03c-8571ffc8b8ef,cleverly.gift,available,14.99,14.99,high,low,8,namesilo,,,
a6470eb3-2eb3-4b6f-8294-6348789bb205,tourist.gift,available,14.99,14.99,high,low,7,namesilo,,,
5c1e2fb2-d000-4f3f-8764-f9315574a3cb,barometric.gift,available,20.98,23.98,medium,low,10,namecheap,,,08/08/2026 20:06
72e9a0bd-a157-471b-b00a-db03b6245ecf,aim.gift,available,14.99,14.99,high,low,3,namesilo,,,
69a0efcf-4847-4e5c-9b40-d09f7f8d6c20,ambrosian.gift,available,14.99,14.99,high,low,9,namesilo,,,
0fca8de2-7711-4e77-b530-d3fc11be21c1,aug.gift,premium,150,150,high,low,3,name.com,,,07/08/2026 17:10
90ea81e6-704b-419f-bcd2-2be080b26784,trapped.gift,available,14.99,14.99,medium,low,7,namesilo,,,07/08/2026 11:08
382f4592-50d9-4fb9-9825-1db79b14c95a,indate.gift,available,14.99,14.99,medium,low,7,namesilo,,,
45cea2a8-a6ba-4644-86cb-13f02c2f0d29,barebacked.gift,available,14.99,14.99,medium,low,10,namesilo,,,08/08/2026 18:44
273dafa7-98ac-4115-b9c4-a067d1dadee7,natural.gift,available,,,high,low,7,,,,
8d5ca9bf-4cc6-4652-ab30-9f132f3bc992,upc.gift,premium,150,,high,low,3,name.com,,,
dee93c1b-87e6-4fed-8fec-47bf5d051e85,perceiving.gift,available,23.98,,high,low,10,namecheap,,,
0bd45330-08a9-43b7-a2d5-b796f87b1348,everyone.gift,available,23.98,,high,low,8,namecheap,,,
43897ecd-b88d-4235-95d0-4a2a5890dc34,advertised.gift,available,14.99,14.99,high,low,10,namesilo,,,
dee2958c-8bc6-4062-b72b-1636eb7de201,cast.gift,available,14.99,14.99,high,low,4,namesilo,,,
fd0bd171-2085-4233-981c-c47fbad7a436,duke.gift,available,14.99,14.99,high,low,4,namesilo,,,
5be7fe9f-c377-496a-8013-9e8c5dde829a,affluence.gift,available,14.99,14.99,high,low,9,namesilo,,,
80569803-e095-4d1b-a7d5-60d8bfbf0e51,multiplayer.gift,available,14.99,14.99,high,low,11,namesilo,,,
bcce2ca6-6867-4d52-9f1c-84875c386d1e,harm.gift,available,14.99,14.99,high,low,4,namesilo,,,08/09/2026 07:44
3bf19b7c-3e26-4238-b388-4652d275feed,lazuline.gift,available,14.99,14.99,medium,low,8,namesilo,,,08/08/2026 03:18
9cf7536a-7468-455a-8e95-0c95e0e3f6c3,awhile.gift,available,14.99,14.99,medium,low,6,namesilo,,,
47372a8a-6a08-4919-b933-a8c40ffa0a45,bowls.gift,available,23.98,,high,low,5,namecheap,,,
6b13904d-229d-4180-b4dd-bc895347b534,bucket.gift,available,14.99,14.99,high,low,6,namesilo,,,
234ad5e0-7682-47f8-a37d-9e35b644c389,rotation.gift,available,23.98,,high,low,8,namecheap,,,
a14d6402-cc4a-4d33-b7b8-1006e2e352ce,probably.gift,available,14.99,14.99,high,low,8,namesilo,,,
bf161b7b-8bab-4bf4-a7fb-65dba556e8ac,advert.gift,available,14.99,14.99,high,low,6,namesilo,,,
b9406f5b-fe06-4c60-8ccd-666d4f6db7b9,extend.gift,available,14.99,14.99,high,low,6,namesilo,,,
d6b764c6-4970-4818-b7ce-a79dc59f15a4,briefcase.gift,available,23.98,,high,low,9,namecheap,,,
da7b310a-7d4e-4932-97d2-82f643f52134,lxxxii.gift,available,14.99,14.99,medium,low,6,namesilo,,,
79094c3c-bd81-4ab8-8369-c9549ef584aa,theme.gift,available,14.99,14.99,high,low,5,namesilo,,,
1ef7af34-944b-4206-8fe7-05ad2121ed94,table.gift,available,23.98,,high,low,5,namecheap,,,
440bd943-35fe-463c-92eb-9addfc4a9130,pure.gift,available,14.99,14.99,high,medium,4,namesilo,,,
a53c8008-337a-4a9e-aa39-607658457a75,traveling.gift,available,14.99,14.99,high,low,9,namesilo,,,
4ce0484a-f673-49c2-8c39-f970698bc514,serve.gift,available,14.99,14.99,high,low,5,namesilo,,,
f67553fe-2beb-4103-8290-b6c878f3c6dd,grouchy.gift,available,14.99,14.99,medium,low,7,namesilo,,,08/08/2026 07:52
60f96141-ba2d-48b5-845d-9eb8db0e465a,welfare.gift,available,14.99,14.99,high,low,7,namesilo,,,08/09/2026 03:13
31d3b117-082a-4691-8c45-3b93c14b8352,jazz.gift,available,14.99,14.99,high,low,4,namesilo,,,
4daa4b97-791f-4795-a556-ea42f74f4ac1,troika.gift,available,14.99,14.99,high,low,6,namesilo,,,
98445acf-a993-4929-8bd9-cddeffc16c95,resort.gift,available,23.98,,high,low,6,namecheap,,,
74670b4c-cd88-4773-bee7-4a516f9af47d,grumpy.gift,available,14.99,14.99,high,low,6,namesilo,,,08/08/2026 07:57
c73d46b9-f5ed-4a85-b679-5ba8e41d52ca,liable.gift,available,14.99,14.99,high,low,6,namesilo,,,
26336fa5-d23d-4f4b-a590-0bac40e37b8e,five.gift,available,14.99,14.99,high,low,4,namesilo,,,
9d15baa5-70c9-4a49-ad32-ac186946f625,vein.gift,available,14.99,14.99,high,low,4,namesilo,,,
e8b8183a-9938-40d7-86e9-8eaa0f16102a,rotfl.gift,available,14.99,14.99,medium,low,5,namesilo,,,
99985b66-abef-497a-bb1e-92d1b1c95d83,initial.gift,available,14.99,14.99,high,low,7,namesilo,,,
ef17f4ff-6169-4779-bc5d-d60918df9f2d,aleut.gift,available,14.99,14.99,high,low,5,namesilo,,,
6401cf8f-2d28-4e33-a59f-af3ba6418a6f,desolate.gift,available,20.98,23.98,medium,low,8,namecheap,,,08/08/2026 21:07
d21296c4-ab46-4cde-9bf5-992dcda917af,tennis.gift,available,,,high,low,6,,,,
09a2b754-d39c-475e-b879-f6493191a865,holder.gift,available,14.99,14.99,high,low,6,namesilo,,,
325db555-c4d3-4588-83e3-7c89a2b4342c,ahorse.gift,available,20.98,23.98,medium,low,6,namecheap,,,
0302ac0c-99eb-4ecd-b8c1-b2063a7dad53,anywhere.gift,available,14.99,14.99,high,low,8,namesilo,,,
8eeba9be-28f2-424a-a9e7-72d2f7d37c56,antiquary.gift,available,20.98,23.98,high,low,9,namecheap,,,
ba5971df-f240-439c-a462-6670b001863d,inviting.gift,available,14.99,14.99,high,low,8,namesilo,,,
b8801f54-bc9d-4c58-93cd-461cd2cad6a3,follower.gift,available,14.99,14.99,high,low,8,namesilo,,,
0856e910-f88d-417f-b350-8d30fad6252f,attachable.gift,available,14.99,14.99,medium,low,10,namesilo,,,07/08/2026 15:36
86e3db2b-b9f2-4124-abef-0573153802ce,acre.gift,available,14.99,14.99,high,low,4,namesilo,,,
273b6239-7239-4be0-91b8-a8716b204e03,roiled.gift,available,14.99,14.99,medium,low,6,namesilo,,,
2280babf-08a1-48e2-a70d-ae8d0effd05f,heptad.gift,available,14.99,14.99,medium,low,6,namesilo,,,
0932fc8a-d17e-457e-ba74-bc3595512345,fraud.gift,premium,150,,high,low,5,name.com,,,
dae95765-941f-4b05-b170-c76186e0fc36,doubt.gift,available,14.99,14.99,high,low,5,namesilo,,,
ca1b92be-0aae-4bd6-a34c-beb32913718c,disguise.gift,available,14.99,14.99,high,low,8,namesilo,,,
ea5a3c29-8634-49e3-91a5-cb2947532076,cheated.gift,available,14.99,14.99,medium,low,7,namesilo,,,
71ffa321-5dae-40b3-8ff4-65e9401bccfc,tilted.gift,available,14.99,14.99,high,low,6,namesilo,,,07/08/2026 13:29
6d73dff8-ee94-454e-95f2-0db4834a670f,lose.gift,available,23.98,,medium,low,4,namecheap,,,
e2cffdee-9251-4f60-99bd-f43cbed2b1e2,ride.gift,available,14.99,14.99,high,low,4,namesilo,,,
4cebd005-435f-4f49-a9f7-652ddc68fa4d,xxxv.gift,available,14.99,14.99,high,low,4,namesilo,,,
8052f337-7cf6-4ba5-89ca-21627ffaa21b,belt.gift,available,14.99,14.99,high,low,4,namesilo,,,
9cd404b2-e38a-4e47-b13b-e61d298415e1,standon.gift,available,14.99,14.99,medium,low,8,namesilo,,,
edab2326-13c2-4c10-a479-6ae592e37fa5,oneself.gift,available,14.99,14.99,high,low,7,namesilo,,,
c6487a65-192b-4cdc-b814-bef377199867,banded.gift,available,14.99,14.99,medium,low,6,namesilo,,,08/08/2026 11:40
74c6f571-0fe1-48ff-afc5-246b47ce749b,slanting.gift,available,14.99,14.99,medium,low,8,namesilo,,,07/08/2026 04:20
d9299ea2-9b37-4718-95b9-bdb363bd7e27,windsor.gift,available,14.99,14.99,high,low,7,namesilo,,,
c491f8c8-2ba3-4ef9-a9c4-8c9b528aa22b,proper.gift,available,14.99,14.99,high,low,6,namesilo,,,
ae83083e-53a0-4920-acd2-ad4f90083b76,anaglyphic.gift,available,14.99,14.99,medium,low,10,namesilo,,,
274f1b9f-f71a-4cd2-9ab3-afc0b02d2fd0,worst.gift,available,14.99,14.99,high,low,5,namesilo,,,
1e47de31-8caf-491a-9cda-0d357485713d,clinically.gift,available,14.99,14.99,high,low,10,namesilo,,,
4dfb8471-3a6f-42e5-8385-730e0e7968cb,disadvantage.gift,available,14.99,14.99,high,low,12,namesilo,,,
b32d0a5b-a0dd-4e55-b102-ecec600e0c88,roger.gift,available,14.99,14.99,high,low,5,namesilo,,,
70834e3e-2069-43b0-9499-1a605fbe8d84,district.gift,available,14.99,14.99,high,low,8,namesilo,,,
57706bef-1d1c-4b53-b676-9ffe0829850e,comely.gift,available,14.99,14.99,high,low,6,namesilo,,,09/08/2026 06:13
798deb92-9fb7-4dac-b1fe-6eb350d08750,archival.gift,available,14.99,14.99,high,low,8,namesilo,,,06/08/2026 15:53
bca793ee-4f17-4369-b515-7f84813bf55b,onion.gift,premium,14.99,14.99,high,low,5,namesilo,,,
0014a0b8-7c65-4f23-81a8-e197da0bfee5,precipitous.gift,available,14.99,14.99,medium,low,11,namesilo,,,
3b269109-4bf4-4714-9501-da9937e8f136,humanities.gift,available,14.99,14.99,high,low,10,namesilo,,,
586517b9-2e0b-49df-905a-a6ffb5c786af,apostate.gift,available,14.99,14.99,medium,low,8,namesilo,,,06/08/2026 03:35
ee21e118-0066-47bc-b6a2-dae30759c956,bathyal.gift,available,14.99,14.99,low,low,7,namesilo,,,09/08/2026 01:34
6a450b8a-797a-4e6d-8a74-3a40edf5bb39,etiologic.gift,available,14.99,14.99,medium,low,9,namesilo,,,
73858ab8-daa8-4c26-8c14-fd94fb60c0b3,medal.gift,available,14.99,14.99,high,low,5,namesilo,,,
c82ef9c6-99b0-4086-a342-1029e847f37c,despise.gift,available,14.99,14.99,high,low,7,namesilo,,,
be9e338d-4521-4b7d-99f5-85fe779913ab,zanzibar.gift,available,14.99,14.99,high,low,8,namesilo,,,
77b4cd08-b263-4133-92a8-25cd521d40d2,abradant.gift,available,14.99,14.99,medium,low,8,namesilo,,,
1545dc0d-21fd-4b87-a3aa-f3158a16db36,somebody.gift,available,14.99,14.99,high,low,8,namesilo,,,
41939add-9b13-4d22-9c8f-f8d50dabf98c,cocktail.gift,available,14.99,14.99,high,low,8,namesilo,,,
09214d80-daa0-4697-98a1-84f353b2e5fc,tragic.gift,available,14.99,14.99,high,low,6,namesilo,,,
1dbe3b2b-d0be-4d22-97e1-9de5cbbe66aa,interact.gift,available,14.99,14.99,high,low,8,namesilo,,,
e0233f9b-32c2-436c-8cc2-a9826c083702,pan.gift,premium,150,,high,low,3,name.com,,,
08df0234-7b56-4504-98a5-dba09bb8d865,abasic.gift,available,14.99,14.99,medium,low,6,namesilo,,,
f3b4272d-446e-4a69-9d7b-2da8b85cd3b9,critique.gift,available,23.98,,high,low,8,namecheap,,,
ae86db40-95da-441c-8a75-c018f381e1bc,mouthy.gift,available,23.98,,medium,low,6,namecheap,,,
ba429ff9-86ce-4e7b-b3c8-12d8be4532f1,cot.gift,premium,150,,high,low,3,name.com,,,
210dbecb-ec3a-481a-9369-db7f053b7c36,mirror.gift,available,23.98,,high,low,6,namecheap,,,
68415954-c059-403d-95c5-3a7e3a82415d,citizen.gift,available,14.99,14.99,high,low,7,namesilo,,,
399a7f25-b910-4cd0-bfda-5b0d8da6b9ae,modesty.gift,available,23.98,,high,low,7,namecheap,,,
be89c0f6-dae6-4572-820f-f1d44858dad2,septenary.gift,available,14.99,14.99,medium,low,9,namesilo,,,
be1ddcb2-c2c7-417a-bfec-d2b1a3a1988f,behavioral.gift,available,14.99,14.99,medium,low,10,namesilo,,,09/08/2026 10:16
f330c1c1-86b4-469a-9f67-56530cd6de54,bye.gift,available,14.99,14.99,high,low,3,namesilo,,,
fdb5b748-413f-4e60-b8b3-8b43cffb5c1f,piper.gift,available,14.99,14.99,high,low,5,namesilo,,,
17a8c91c-775d-4159-9c6f-579eac2c70b2,buffer.gift,available,14.99,14.99,high,low,6,namesilo,,,
31a5ddc4-b08c-400a-a621-8e9389bbc980,arctic.gift,available,14.99,14.99,high,low,6,namesilo,,,06/08/2026 16:07
77107f07-2d53-4987-a9bc-2edff175b240,anorexic.gift,available,14.99,14.99,medium,low,8,namesilo,,,
18fd1951-9727-40f6-b947-4007ff551388,retarded.gift,available,23.98,,high,low,8,namecheap,,,
0981ef9a-c418-451a-9568-f678123f6332,anaerobic.gift,available,14.99,14.99,medium,low,9,namesilo,,,
536c2b31-299f-4e4c-ac68-72849d3df2e7,wasnt.gift,available,14.99,14.99,low,low,5,namesilo,,,
c97ce975-5b09-40c0-81b1-973819d41626,patent.gift,available,14.99,14.99,high,low,6,namesilo,,,06/08/2026 05:19
34528aa8-3368-45d4-bf1d-bd8454e5db90,constructive.gift,available,23.98,,high,low,12,namecheap,,,
0abf2ac8-e677-4005-acfc-a8243fe27636,cowboy.gift,available,14.99,14.99,high,low,6,namesilo,,,
f1b7511a-6a4c-4ed6-8ef6-f9e45610fd15,step.gift,available,14.99,14.99,high,low,4,namesilo,,,
bb84d0a2-5dbb-4777-a5bc-98c7f590a93a,unfounded.gift,available,14.99,14.99,medium,low,9,namesilo,,,08/08/2026 21:57
9512a040-c3e9-451e-8cf0-67a0307d2142,bond.gift,available,14.99,14.99,high,low,4,namesilo,,,
d82f9da6-0b66-449a-881d-d8b6be47fb34,altogether.gift,available,14.99,14.99,high,low,10,namesilo,,,
284847c8-fe2e-4f46-a418-151c45f7b07d,autarchic.gift,available,14.99,14.99,medium,low,9,namesilo,,,07/08/2026 18:36
e2ef27f8-27fd-481a-96b3-eac97b1f7eae,knight.gift,available,14.99,14.99,high,low,6,namesilo,,,
43be7587-b0c9-44f8-a68f-7f0cb11415bc,carnal.gift,available,14.99,14.99,high,low,6,namesilo,,,
e8ebab10-e2c0-42ed-8715-a238b42943a4,ambiguous.gift,available,14.99,14.99,high,low,9,namesilo,,,
2586aff3-cef6-40e2-bd74-92854e16b34a,alsatian.gift,available,14.99,14.99,high,low,8,namesilo,,,
358a877b-1856-4478-ab5d-500e99ef8034,friendly.gift,available,14.99,14.99,high,low,8,namesilo,,,08/09/2026 09:53
fd14cec5-2c15-4d12-9faf-bb2362ec0af5,claim.gift,available,,,high,low,5,,,,
9319edb3-f103-444c-baa6-8c0d0e817b4a,intimate.gift,available,14.99,14.99,high,low,8,namesilo,,,
7978bf32-4797-4b30-8896-0778ea9d725b,unbearable.gift,available,14.99,14.99,medium,low,10,namesilo,,,
2dc295f1-40fc-4307-9c0c-aeac43ea345d,beatified.gift,available,14.99,14.99,high,low,9,namesilo,,,09/08/2026 05:53
2df1a162-0ba6-4a54-8a4a-2bb3cef47a0f,corps.gift,available,14.99,14.99,high,low,5,namesilo,,,
c758f6a9-ed5c-40df-bb59-d346357db715,sciences.gift,available,14.99,14.99,medium,low,8,namesilo,,,
493bec27-ccec-4733-933b-268c46d4dbbc,aspirant.gift,available,14.99,14.99,medium,low,8,namesilo,,,07/08/2026 05:02
bd02088a-9962-456e-b031-d87b808d8cd5,again.gift,available,14.99,14.99,high,low,5,namesilo,,,
191635b5-cf74-472a-8883-5c0006889558,aladdin.gift,available,14.99,14.99,high,medium,7,namesilo,,,
050115f9-8a08-45c6-ac2e-eecf3e088f43,bargain.gift,available,14.99,14.99,high,low,7,namesilo,,,
2457cda0-db4b-4227-b693-5a5d7135d0e9,jelly.gift,available,14.99,14.99,high,low,5,namesilo,,,
5d00ce3a-b1b0-4b9b-b706-b4e7ec784146,didnt.gift,available,14.99,14.99,medium,low,5,namesilo,,,
6af03bfe-1add-4d83-a8d8-f8ae6ee6f5ee,matter.gift,available,14.99,14.99,high,low,6,namesilo,,,
2a822237-3cd2-4838-b0c9-d0660d2ffd03,underwear.gift,available,14.99,14.99,high,low,9,namesilo,,,
6468a520-7b41-4f36-a482-a6545d50847b,smashing.gift,available,14.99,14.99,high,low,8,namesilo,,,08/08/2026 12:53
5511b2e2-0f0f-4dd4-bef0-50217cc1867c,century.gift,available,14.99,14.99,high,low,7,namesilo,,,
6795880a-36f0-441d-b6c6-4d95281d08b2,spry.gift,available,14.99,14.99,high,low,4,namesilo,,,
592ba4fa-14a4-46bd-b43b-fc556ca5720f,birth.gift,available,,,high,low,5,,,,
34b43605-5754-4076-848e-5182ee5520a4,jasmine.gift,available,14.99,14.99,high,low,7,namesilo,,,08/09/2026 14:04
9db357ef-a956-48e8-9acb-b925367d0bbd,somewhat.gift,available,14.99,14.99,high,low,8,namesilo,,,
4f4cea22-c344-4fef-98dc-769499fce420,caustic.gift,available,14.99,14.99,medium,low,7,namesilo,,,
c07b758a-b162-4b48-8dbe-96aa5e908c15,caught.gift,available,14.99,14.99,high,low,6,namesilo,,,
f1ceaae8-605b-4564-9c66-6e85b35ac1fa,rihanna.gift,available,14.99,14.99,high,low,7,namesilo,,,
bcebb593-2954-4dbc-b22a-76a6153f05a7,talks.gift,available,14.99,14.99,high,low,5,namesilo,,,
5749c27b-5ee2-427e-ab01-b086840f3d4f,teenage.gift,available,14.99,14.99,high,low,8,namesilo,,,11/09/2026 10:07
3ab820cd-dac4-43cb-a41a-0a706de8031b,antonymous.gift,available,14.99,14.99,medium,low,10,namesilo,,,05/08/2026 20:16
d40715a2-dcba-4c94-a6a3-cefd924e94d9,experienced.gift,available,14.99,14.99,high,low,11,namesilo,,,
b7836bba-ff9f-49c6-a5ac-cddc0fd367d2,alto.gift,available,14.99,14.99,high,low,4,namesilo,,,
e0a5fec2-7c46-49c2-ba0d-4e291c56702d,affinal.gift,available,14.99,14.99,medium,low,7,namesilo,,,
b34ad58f-42c9-47ca-aaeb-6a6df783a3b2,now.gift,premium,150,,high,medium,3,name.com,,,
df607dc0-15cb-4943-93df-0b7e1f064903,abaft.gift,available,14.99,14.99,low,low,5,namesilo,,,
9a3a3aa9-1383-432c-8e61-0fa758490e8a,details.gift,available,14.99,14.99,high,low,7,namesilo,,,
8da90e6e-6f49-4f57-876d-fa8da2e4ce78,heal.gift,available,23.98,,high,low,4,namecheap,,,
ed7cb350-b201-438e-aea5-48fd33035f04,psycho.gift,available,14.99,14.99,high,low,6,namesilo,,,
0e4208bd-c829-4f10-9ebc-6ae4aca61370,antioxidant.gift,available,14.99,14.99,high,low,11,namesilo,,,
aa7764c5-e2b4-479f-9630-244afe75e8b8,lcd.gift,premium,150,,high,low,3,name.com,,,
0c1d2696-6596-4c8f-be16-a79b9969d058,avellan.gift,available,14.99,14.99,medium,low,7,namesilo,,,07/08/2026 22:24
58cc56fe-cd3a-44e5-8703-61d2b8a60a10,mushy.gift,available,14.99,14.99,medium,low,5,namesilo,,,09/08/2026 00:58
f513d907-5612-4eba-814a-e4e5d4712cf6,slushy.gift,available,14.99,14.99,medium,low,6,namesilo,,,09/08/2026 01:25
fbd3f689-dc82-4c63-ba6e-e4e4366a3358,poster.gift,available,14.99,14.99,high,low,6,namesilo,,,
bad813be-7ddc-4172-b718-aefe8288eac1,while.gift,available,14.99,14.99,high,low,5,namesilo,,,
09e18c34-7832-44b5-9e7a-910f1a678b13,appetizing.gift,available,14.99,14.99,high,low,10,namesilo,,,06/08/2026 06:45
6cb71182-930d-4b4a-9785-bab1ed46f9e4,radioactivity.gift,available,14.99,14.99,medium,low,13,namesilo,,,
48870c08-bf80-49fb-826f-4bee09befb05,vegan.gift,resell,,,high,medium,5,NAMECHEAP,18/10/2023 21:09,18/10/2026 21:09,
c6ad9e24-871e-48cf-b798-f061a215c82c,push.gift,available,23.98,,high,low,4,namecheap,,,